case_id,run_id,proxy_id,expected_sub_check_id,expected_result_state,target_signal,selector,severity_id,severity_rank,replicate,trip_id,segment_id,injection_start_timestamp,injection_end_timestamp,actual_result_state,baseline_result_state,baseline_already_positive,decision_reason,decision_margin,dtc_candidate_label,dtc_matches_expected,dtc_emitted,emission_matches_expected,routed_dtc,routed_dtc_matches_expected,confidence,passed,decisions_path
1s1_coolant_slow_warmup,gl452_full_v2_20260903__1s1_coolant_slow_warmup__near_target,cooling_degradation,1-S1,triggered,coolant_temp,warmup_episode,near_target,0,1,trip_0009,trip_0009_seg_001,2017-07-11T11:41:40Z,2017-07-11T12:11:40Z,triggered,not_evaluable,False,budget_expired_below_target,1177.43162055336,P0128,True,True,True,P0128,True,high,True,proxy/70_decisions/proxy_decisions.csv
1s1_coolant_slow_warmup,gl452_full_v2_20260903__1s1_coolant_slow_warmup__near_target,cooling_degradation,1-S1,triggered,coolant_temp,warmup_episode,near_target,0,2,trip_0017,trip_0017_seg_001,2017-07-24T05:22:35Z,2017-07-24T05:52:35Z,triggered,not_evaluable,False,budget_expired_below_target,1224.23162055336,P0128,True,True,True,P0128,True,high,True,proxy/70_decisions/proxy_decisions.csv
1s1_coolant_slow_warmup,gl452_full_v2_20260903__1s1_coolant_slow_warmup__near_target,cooling_degradation,1-S1,triggered,coolant_temp,warmup_episode,near_target,0,3,trip_0040,trip_0040_seg_001,2018-02-14T06:06:37Z,2018-02-14T06:36:37Z,triggered,pass,False,budget_expired_below_target,331.49677419355,P0128,True,True,True,P0128,True,high,True,proxy/70_decisions/proxy_decisions.csv
1s1_coolant_slow_warmup,gl452_full_v2_20260903__1s1_coolant_slow_warmup__moderate,cooling_degradation,1-S1,triggered,coolant_temp,warmup_episode,moderate,1,1,trip_0009,trip_0009_seg_001,2017-07-11T11:41:40Z,2017-07-11T12:11:40Z,triggered,not_evaluable,False,budget_expired_below_target,1177.43162055336,P0128,True,True,True,P0128,True,high,True,proxy/70_decisions/proxy_decisions.csv
1s1_coolant_slow_warmup,gl452_full_v2_20260903__1s1_coolant_slow_warmup__moderate,cooling_degradation,1-S1,triggered,coolant_temp,warmup_episode,moderate,1,2,trip_0017,trip_0017_seg_001,2017-07-24T05:22:35Z,2017-07-24T05:52:35Z,triggered,not_evaluable,False,budget_expired_below_target,1224.23162055336,P0128,True,True,True,P0128,True,high,True,proxy/70_decisions/proxy_decisions.csv
1s1_coolant_slow_warmup,gl452_full_v2_20260903__1s1_coolant_slow_warmup__moderate,cooling_degradation,1-S1,triggered,coolant_temp,warmup_episode,moderate,1,3,trip_0040,trip_0040_seg_001,2018-02-14T06:06:37Z,2018-02-14T06:36:37Z,triggered,pass,False,budget_expired_below_target,331.49677419355,P0128,True,True,True,P0128,True,high,True,proxy/70_decisions/proxy_decisions.csv
1s1_coolant_slow_warmup,gl452_full_v2_20260903__1s1_coolant_slow_warmup__strong,cooling_degradation,1-S1,triggered,coolant_temp,warmup_episode,strong,2,1,trip_0009,trip_0009_seg_001,2017-07-11T11:41:40Z,2017-07-11T12:11:40Z,triggered,not_evaluable,False,budget_expired_below_target,1177.43162055336,P0128,True,True,True,P0128,True,high,True,proxy/70_decisions/proxy_decisions.csv
1s1_coolant_slow_warmup,gl452_full_v2_20260903__1s1_coolant_slow_warmup__strong,cooling_degradation,1-S1,triggered,coolant_temp,warmup_episode,strong,2,2,trip_0017,trip_0017_seg_001,2017-07-24T05:22:35Z,2017-07-24T05:52:35Z,triggered,not_evaluable,False,budget_expired_below_target,1224.23162055336,P0128,True,True,True,P0128,True,high,True,proxy/70_decisions/proxy_decisions.csv
1s1_coolant_slow_warmup,gl452_full_v2_20260903__1s1_coolant_slow_warmup__strong,cooling_degradation,1-S1,triggered,coolant_temp,warmup_episode,strong,2,3,trip_0040,trip_0040_seg_001,2018-02-14T06:06:37Z,2018-02-14T06:36:37Z,triggered,pass,False,budget_expired_below_target,331.49677419355,P0128,True,True,True,P0128,True,high,True,proxy/70_decisions/proxy_decisions.csv
1s2_coolant_overheat_high,gl452_full_v2_20260903__1s2_coolant_overheat_high__below_threshold,cooling_degradation,1-S2,triggered,coolant_temp,post_warmup,below_threshold,0,1,trip_0001,trip_0001_seg_001,2017-07-05T05:25:20Z,2017-07-05T05:28:39Z,pass,pass,False,no_trigger_with_opportunity,,P0217,True,False,True,,True,high,False,proxy/70_decisions/proxy_decisions.csv
1s2_coolant_overheat_high,gl452_full_v2_20260903__1s2_coolant_overheat_high__below_threshold,cooling_degradation,1-S2,triggered,coolant_temp,post_warmup,below_threshold,0,2,trip_0004,trip_0004_seg_001,2017-07-06T18:00:58Z,2017-07-06T18:04:17Z,pass,pass,False,no_trigger_with_opportunity,,P0217,True,False,True,,True,high,False,proxy/70_decisions/proxy_decisions.csv
1s2_coolant_overheat_high,gl452_full_v2_20260903__1s2_coolant_overheat_high__below_threshold,cooling_degradation,1-S2,triggered,coolant_temp,post_warmup,below_threshold,0,3,trip_0005,trip_0005_seg_001,2017-07-07T05:31:03Z,2017-07-07T05:34:22Z,pass,pass,False,no_trigger_with_opportunity,,P0217,True,False,True,,True,high,False,proxy/70_decisions/proxy_decisions.csv
1s2_coolant_overheat_high,gl452_full_v2_20260903__1s2_coolant_overheat_high__at_threshold,cooling_degradation,1-S2,triggered,coolant_temp,post_warmup,at_threshold,1,1,trip_0001,trip_0001_seg_001,2017-07-05T05:25:20Z,2017-07-05T05:28:39Z,triggered,pass,False,condition_persistence_met,20.0,P0217,True,True,True,P0217,True,high,True,proxy/70_decisions/proxy_decisions.csv
1s2_coolant_overheat_high,gl452_full_v2_20260903__1s2_coolant_overheat_high__at_threshold,cooling_degradation,1-S2,triggered,coolant_temp,post_warmup,at_threshold,1,2,trip_0004,trip_0004_seg_001,2017-07-06T18:00:58Z,2017-07-06T18:04:17Z,triggered,pass,False,condition_persistence_met,20.0,P0217,True,True,True,P0217,True,high,True,proxy/70_decisions/proxy_decisions.csv
1s2_coolant_overheat_high,gl452_full_v2_20260903__1s2_coolant_overheat_high__at_threshold,cooling_degradation,1-S2,triggered,coolant_temp,post_warmup,at_threshold,1,3,trip_0005,trip_0005_seg_001,2017-07-07T05:31:03Z,2017-07-07T05:34:22Z,triggered,pass,False,condition_persistence_met,20.0,P0217,True,True,True,P0217,True,high,True,proxy/70_decisions/proxy_decisions.csv
1s2_coolant_overheat_high,gl452_full_v2_20260903__1s2_coolant_overheat_high__strong,cooling_degradation,1-S2,triggered,coolant_temp,post_warmup,strong,2,1,trip_0001,trip_0001_seg_001,2017-07-05T05:25:20Z,2017-07-05T05:28:39Z,triggered,pass,False,condition_persistence_met,20.0,P0217,True,True,True,P0217,True,high,True,proxy/70_decisions/proxy_decisions.csv
1s2_coolant_overheat_high,gl452_full_v2_20260903__1s2_coolant_overheat_high__strong,cooling_degradation,1-S2,triggered,coolant_temp,post_warmup,strong,2,2,trip_0004,trip_0004_seg_001,2017-07-06T18:00:58Z,2017-07-06T18:04:17Z,triggered,pass,False,condition_persistence_met,20.0,P0217,True,True,True,P0217,True,high,True,proxy/70_decisions/proxy_decisions.csv
1s2_coolant_overheat_high,gl452_full_v2_20260903__1s2_coolant_overheat_high__strong,cooling_degradation,1-S2,triggered,coolant_temp,post_warmup,strong,2,3,trip_0005,trip_0005_seg_001,2017-07-07T05:31:03Z,2017-07-07T05:34:22Z,triggered,pass,False,condition_persistence_met,20.0,P0217,True,True,True,P0217,True,high,True,proxy/70_decisions/proxy_decisions.csv
1s3_coolant_rising_precursor,gl452_full_v2_20260903__1s3_coolant_rising_precursor__below_threshold,cooling_degradation,1-S3,pending,coolant_temp,post_warmup,below_threshold,0,1,trip_0001,trip_0001_seg_001,2017-07-05T05:25:20Z,2017-07-05T05:28:59Z,pass,pass,False,no_trigger_with_opportunity,,P0217,True,False,True,,True,high,False,proxy/70_decisions/proxy_decisions.csv
1s3_coolant_rising_precursor,gl452_full_v2_20260903__1s3_coolant_rising_precursor__below_threshold,cooling_degradation,1-S3,pending,coolant_temp,post_warmup,below_threshold,0,2,trip_0002,trip_0002_seg_001,2017-07-05T17:25:25Z,2017-07-05T17:29:04Z,pass,pass,False,no_trigger_with_opportunity,,P0217,True,False,True,,True,high,False,proxy/70_decisions/proxy_decisions.csv
1s3_coolant_rising_precursor,gl452_full_v2_20260903__1s3_coolant_rising_precursor__below_threshold,cooling_degradation,1-S3,pending,coolant_temp,post_warmup,below_threshold,0,3,trip_0004,trip_0004_seg_001,2017-07-06T17:04:27Z,2017-07-06T17:08:06Z,pass,pass,False,no_trigger_with_opportunity,,P0217,True,False,True,,True,high,False,proxy/70_decisions/proxy_decisions.csv
1s3_coolant_rising_precursor,gl452_full_v2_20260903__1s3_coolant_rising_precursor__at_threshold,cooling_degradation,1-S3,pending,coolant_temp,post_warmup,at_threshold,1,1,trip_0001,trip_0001_seg_001,2017-07-05T05:25:20Z,2017-07-05T05:28:59Z,pending,pass,False,condition_persistence_met,40.0,P0217,True,False,True,,True,high,True,proxy/70_decisions/proxy_decisions.csv
1s3_coolant_rising_precursor,gl452_full_v2_20260903__1s3_coolant_rising_precursor__at_threshold,cooling_degradation,1-S3,pending,coolant_temp,post_warmup,at_threshold,1,2,trip_0002,trip_0002_seg_001,2017-07-05T17:25:25Z,2017-07-05T17:29:04Z,pending,pass,False,condition_persistence_met,40.0,P0217,True,False,True,,True,high,True,proxy/70_decisions/proxy_decisions.csv
1s3_coolant_rising_precursor,gl452_full_v2_20260903__1s3_coolant_rising_precursor__at_threshold,cooling_degradation,1-S3,pending,coolant_temp,post_warmup,at_threshold,1,3,trip_0004,trip_0004_seg_001,2017-07-06T17:04:27Z,2017-07-06T17:08:06Z,pending,pass,False,condition_persistence_met,40.0,P0217,True,False,True,,True,high,True,proxy/70_decisions/proxy_decisions.csv
1s3_coolant_rising_precursor,gl452_full_v2_20260903__1s3_coolant_rising_precursor__strong,cooling_degradation,1-S3,pending,coolant_temp,post_warmup,strong,2,1,trip_0001,trip_0001_seg_001,2017-07-05T05:25:20Z,2017-07-05T05:28:59Z,pending,pass,False,condition_persistence_met,40.0,P0217,True,False,True,,True,high,True,proxy/70_decisions/proxy_decisions.csv
1s3_coolant_rising_precursor,gl452_full_v2_20260903__1s3_coolant_rising_precursor__strong,cooling_degradation,1-S3,pending,coolant_temp,post_warmup,strong,2,2,trip_0002,trip_0002_seg_001,2017-07-05T17:25:25Z,2017-07-05T17:29:04Z,pending,pass,False,condition_persistence_met,40.0,P0217,True,False,True,,True,high,True,proxy/70_decisions/proxy_decisions.csv
1s3_coolant_rising_precursor,gl452_full_v2_20260903__1s3_coolant_rising_precursor__strong,cooling_degradation,1-S3,pending,coolant_temp,post_warmup,strong,2,3,trip_0004,trip_0004_seg_001,2017-07-06T17:04:27Z,2017-07-06T17:08:06Z,pending,pass,False,condition_persistence_met,40.0,P0217,True,False,True,,True,high,True,proxy/70_decisions/proxy_decisions.csv
1s4_cold_start_ect_offset,gl452_full_v2_20260903__1s4_cold_start_ect_offset__at_guard,cooling_degradation,1-S4,triggered,coolant_temp,cold_start_ect,at_guard,0,1,trip_0003,trip_0003_seg_001,2017-07-06T06:37:58Z,2017-07-06T06:37:58Z,pass,pass,False,cold_start_delta_within_bound,0.0,P0116,True,False,True,,True,low,False,proxy/70_decisions/proxy_decisions.csv
1s4_cold_start_ect_offset,gl452_full_v2_20260903__1s4_cold_start_ect_offset__at_guard,cooling_degradation,1-S4,triggered,coolant_temp,cold_start_ect,at_guard,0,2,trip_0005,trip_0005_seg_001,2017-07-07T05:23:12Z,2017-07-07T05:23:12Z,pass,pass,False,cold_start_delta_within_bound,0.0,P0116,True,False,True,,True,low,False,proxy/70_decisions/proxy_decisions.csv
1s4_cold_start_ect_offset,gl452_full_v2_20260903__1s4_cold_start_ect_offset__at_guard,cooling_degradation,1-S4,triggered,coolant_temp,cold_start_ect,at_guard,0,3,trip_0013,trip_0013_seg_001,2017-07-13T05:00:41Z,2017-07-13T05:00:41Z,pass,pass,False,cold_start_delta_within_bound,0.0,P0116,True,False,True,,True,low,False,proxy/70_decisions/proxy_decisions.csv
1s4_cold_start_ect_offset,gl452_full_v2_20260903__1s4_cold_start_ect_offset__just_over,cooling_degradation,1-S4,triggered,coolant_temp,cold_start_ect,just_over,1,1,trip_0003,trip_0003_seg_001,2017-07-06T06:37:58Z,2017-07-06T06:37:58Z,triggered,pass,False,cold_start_delta_exceeded,1.0,P0116,True,False,True,,True,low,True,proxy/70_decisions/proxy_decisions.csv
1s4_cold_start_ect_offset,gl452_full_v2_20260903__1s4_cold_start_ect_offset__just_over,cooling_degradation,1-S4,triggered,coolant_temp,cold_start_ect,just_over,1,2,trip_0005,trip_0005_seg_001,2017-07-07T05:23:12Z,2017-07-07T05:23:12Z,triggered,pass,False,cold_start_delta_exceeded,1.0,P0116,True,False,True,,True,low,True,proxy/70_decisions/proxy_decisions.csv
1s4_cold_start_ect_offset,gl452_full_v2_20260903__1s4_cold_start_ect_offset__just_over,cooling_degradation,1-S4,triggered,coolant_temp,cold_start_ect,just_over,1,3,trip_0013,trip_0013_seg_001,2017-07-13T05:00:41Z,2017-07-13T05:00:41Z,triggered,pass,False,cold_start_delta_exceeded,1.0,P0116,True,False,True,,True,low,True,proxy/70_decisions/proxy_decisions.csv
1s4_cold_start_ect_offset,gl452_full_v2_20260903__1s4_cold_start_ect_offset__strong,cooling_degradation,1-S4,triggered,coolant_temp,cold_start_ect,strong,2,1,trip_0003,trip_0003_seg_001,2017-07-06T06:37:58Z,2017-07-06T06:37:58Z,triggered,pass,False,cold_start_delta_exceeded,10.0,P0116,True,False,True,,True,low,True,proxy/70_decisions/proxy_decisions.csv
1s4_cold_start_ect_offset,gl452_full_v2_20260903__1s4_cold_start_ect_offset__strong,cooling_degradation,1-S4,triggered,coolant_temp,cold_start_ect,strong,2,2,trip_0005,trip_0005_seg_001,2017-07-07T05:23:12Z,2017-07-07T05:23:12Z,triggered,pass,False,cold_start_delta_exceeded,10.0,P0116,True,False,True,,True,low,True,proxy/70_decisions/proxy_decisions.csv
1s4_cold_start_ect_offset,gl452_full_v2_20260903__1s4_cold_start_ect_offset__strong,cooling_degradation,1-S4,triggered,coolant_temp,cold_start_ect,strong,2,3,trip_0013,trip_0013_seg_001,2017-07-13T05:00:41Z,2017-07-13T05:00:41Z,triggered,pass,False,cold_start_delta_exceeded,10.0,P0116,True,False,True,,True,low,True,proxy/70_decisions/proxy_decisions.csv
2s2_maf_under_read,gl452_full_v2_20260903__2s2_maf_under_read__mild,air_intake_maf_anomaly,2-S2,triggered,maf,post_warmup_high_load,mild,0,1,trip_0001,trip_0001_seg_001,2017-07-05T05:29:09Z,2017-07-05T05:29:23Z,pass,pass,False,no_trigger_with_opportunity,,P0101,True,False,True,,True,high,False,proxy/70_decisions/proxy_decisions.csv
2s2_maf_under_read,gl452_full_v2_20260903__2s2_maf_under_read__mild,air_intake_maf_anomaly,2-S2,triggered,maf,post_warmup_high_load,mild,0,2,trip_0002,trip_0002_seg_001,2017-07-05T17:29:27Z,2017-07-05T17:29:41Z,pass,pass,False,no_trigger_with_opportunity,-9.0,P0101,True,False,True,,True,high,False,proxy/70_decisions/proxy_decisions.csv
2s2_maf_under_read,gl452_full_v2_20260903__2s2_maf_under_read__mild,air_intake_maf_anomaly,2-S2,triggered,maf,post_warmup_high_load,mild,0,3,trip_0004,trip_0004_seg_001,2017-07-06T17:09:02Z,2017-07-06T17:09:16Z,pass,pass,False,no_trigger_with_opportunity,,P0101,True,False,True,,True,high,False,proxy/70_decisions/proxy_decisions.csv
2s2_maf_under_read,gl452_full_v2_20260903__2s2_maf_under_read__moderate,air_intake_maf_anomaly,2-S2,triggered,maf,post_warmup_high_load,moderate,1,1,trip_0001,trip_0001_seg_001,2017-07-05T05:29:09Z,2017-07-05T05:29:23Z,pass,pass,False,no_trigger_with_opportunity,,P0101,True,False,True,,True,high,False,proxy/70_decisions/proxy_decisions.csv
2s2_maf_under_read,gl452_full_v2_20260903__2s2_maf_under_read__moderate,air_intake_maf_anomaly,2-S2,triggered,maf,post_warmup_high_load,moderate,1,2,trip_0002,trip_0002_seg_001,2017-07-05T17:29:27Z,2017-07-05T17:29:41Z,pass,pass,False,no_trigger_with_opportunity,-8.0,P0101,True,False,True,,True,high,False,proxy/70_decisions/proxy_decisions.csv
2s2_maf_under_read,gl452_full_v2_20260903__2s2_maf_under_read__moderate,air_intake_maf_anomaly,2-S2,triggered,maf,post_warmup_high_load,moderate,1,3,trip_0004,trip_0004_seg_001,2017-07-06T17:09:02Z,2017-07-06T17:09:16Z,pass,pass,False,no_trigger_with_opportunity,-6.0,P0101,True,False,True,,True,high,False,proxy/70_decisions/proxy_decisions.csv
2s2_maf_under_read,gl452_full_v2_20260903__2s2_maf_under_read__strong,air_intake_maf_anomaly,2-S2,triggered,maf,post_warmup_high_load,strong,2,1,trip_0001,trip_0001_seg_001,2017-07-05T05:29:09Z,2017-07-05T05:29:23Z,triggered,pass,False,condition_persistence_met,2.0,P0101,True,True,True,P0101,True,high,True,proxy/70_decisions/proxy_decisions.csv
2s2_maf_under_read,gl452_full_v2_20260903__2s2_maf_under_read__strong,air_intake_maf_anomaly,2-S2,triggered,maf,post_warmup_high_load,strong,2,2,trip_0002,trip_0002_seg_001,2017-07-05T17:29:27Z,2017-07-05T17:29:41Z,triggered,pass,False,condition_persistence_met,3.0,P0101,True,True,True,P0101,True,high,True,proxy/70_decisions/proxy_decisions.csv
2s2_maf_under_read,gl452_full_v2_20260903__2s2_maf_under_read__strong,air_intake_maf_anomaly,2-S2,triggered,maf,post_warmup_high_load,strong,2,3,trip_0004,trip_0004_seg_001,2017-07-06T17:09:02Z,2017-07-06T17:09:16Z,triggered,pass,False,condition_persistence_met,5.0,P0101,True,True,True,P0101,True,high,True,proxy/70_decisions/proxy_decisions.csv
2s3b_maf_zero_while_firing,gl452_full_v2_20260903__2s3b_maf_zero_while_firing__short,air_intake_maf_anomaly,2-S3b,triggered,maf,engine_firing,short,0,1,trip_0001,trip_0001_seg_001,2017-07-05T05:16:56Z,2017-07-05T05:17:00Z,pass,pass,False,no_trigger_with_opportunity,-5.0,P0102,True,False,True,,True,high,False,proxy/70_decisions/proxy_decisions.csv
2s3b_maf_zero_while_firing,gl452_full_v2_20260903__2s3b_maf_zero_while_firing__short,air_intake_maf_anomaly,2-S3b,triggered,maf,engine_firing,short,0,2,trip_0002,trip_0002_seg_001,2017-07-05T17:17:24Z,2017-07-05T17:17:28Z,pass,pass,False,no_trigger_with_opportunity,-5.0,P0102,True,False,True,,True,high,False,proxy/70_decisions/proxy_decisions.csv
2s3b_maf_zero_while_firing,gl452_full_v2_20260903__2s3b_maf_zero_while_firing__short,air_intake_maf_anomaly,2-S3b,triggered,maf,engine_firing,short,0,3,trip_0003,trip_0003_seg_001,2017-07-06T06:38:10Z,2017-07-06T06:38:14Z,pass,pass,False,no_trigger_with_opportunity,-5.0,P0102,True,False,True,,True,high,False,proxy/70_decisions/proxy_decisions.csv
2s3b_maf_zero_while_firing,gl452_full_v2_20260903__2s3b_maf_zero_while_firing__boundary,air_intake_maf_anomaly,2-S3b,triggered,maf,engine_firing,boundary,1,1,trip_0001,trip_0001_seg_001,2017-07-05T05:16:56Z,2017-07-05T05:17:05Z,triggered,pass,False,condition_persistence_met,0.0,P0102,True,True,True,P0102,True,high,True,proxy/70_decisions/proxy_decisions.csv
2s3b_maf_zero_while_firing,gl452_full_v2_20260903__2s3b_maf_zero_while_firing__boundary,air_intake_maf_anomaly,2-S3b,triggered,maf,engine_firing,boundary,1,2,trip_0002,trip_0002_seg_001,2017-07-05T17:17:24Z,2017-07-05T17:17:33Z,triggered,pass,False,condition_persistence_met,0.0,P0102,True,True,True,P0102,True,high,True,proxy/70_decisions/proxy_decisions.csv
2s3b_maf_zero_while_firing,gl452_full_v2_20260903__2s3b_maf_zero_while_firing__boundary,air_intake_maf_anomaly,2-S3b,triggered,maf,engine_firing,boundary,1,3,trip_0003,trip_0003_seg_001,2017-07-06T06:38:10Z,2017-07-06T06:38:19Z,triggered,pass,False,condition_persistence_met,0.0,P0102,True,True,True,P0102,True,high,True,proxy/70_decisions/proxy_decisions.csv
2s3b_maf_zero_while_firing,gl452_full_v2_20260903__2s3b_maf_zero_while_firing__strong,air_intake_maf_anomaly,2-S3b,triggered,maf,engine_firing,strong,2,1,trip_0001,trip_0001_seg_001,2017-07-05T05:16:56Z,2017-07-05T05:17:07Z,triggered,pass,False,condition_persistence_met,2.0,P0102,True,True,True,P0102,True,high,True,proxy/70_decisions/proxy_decisions.csv
2s3b_maf_zero_while_firing,gl452_full_v2_20260903__2s3b_maf_zero_while_firing__strong,air_intake_maf_anomaly,2-S3b,triggered,maf,engine_firing,strong,2,2,trip_0002,trip_0002_seg_001,2017-07-05T17:17:24Z,2017-07-05T17:17:35Z,triggered,pass,False,condition_persistence_met,2.0,P0102,True,True,True,P0102,True,high,True,proxy/70_decisions/proxy_decisions.csv
2s3b_maf_zero_while_firing,gl452_full_v2_20260903__2s3b_maf_zero_while_firing__strong,air_intake_maf_anomaly,2-S3b,triggered,maf,engine_firing,strong,2,3,trip_0003,trip_0003_seg_001,2017-07-06T06:38:10Z,2017-07-06T06:38:21Z,triggered,pass,False,condition_persistence_met,2.0,P0102,True,True,True,P0102,True,high,True,proxy/70_decisions/proxy_decisions.csv
3s1a_pedal_e_offset,gl452_full_v2_20260903__3s1a_pedal_e_offset__mild,accelerator_pedal_sensor,3-S1a,triggered,accel_pedal_e,pedal_lowmotion,mild,0,1,trip_0001,trip_0001_seg_001,2017-07-05T05:28:23Z,2017-07-05T05:28:57Z,pass,pass,False,no_trigger_with_opportunity,-21.0,P2138,True,False,True,,True,high,False,proxy/70_decisions/proxy_decisions.csv
3s1a_pedal_e_offset,gl452_full_v2_20260903__3s1a_pedal_e_offset__mild,accelerator_pedal_sensor,3-S1a,triggered,accel_pedal_e,pedal_lowmotion,mild,0,2,trip_0002,trip_0002_seg_001,2017-07-05T17:17:24Z,2017-07-05T17:17:58Z,pass,pass,False,no_trigger_with_opportunity,-27.0,P2138,True,False,True,,True,high,False,proxy/70_decisions/proxy_decisions.csv
3s1a_pedal_e_offset,gl452_full_v2_20260903__3s1a_pedal_e_offset__mild,accelerator_pedal_sensor,3-S1a,triggered,accel_pedal_e,pedal_lowmotion,mild,0,3,trip_0003,trip_0003_seg_001,2017-07-06T06:41:09Z,2017-07-06T06:41:43Z,pass,pass,False,no_trigger_with_opportunity,-29.0,P2138,True,False,True,,True,high,False,proxy/70_decisions/proxy_decisions.csv
3s1a_pedal_e_offset,gl452_full_v2_20260903__3s1a_pedal_e_offset__boundary,accelerator_pedal_sensor,3-S1a,triggered,accel_pedal_e,pedal_lowmotion,boundary,1,1,trip_0001,trip_0001_seg_001,2017-07-05T05:28:23Z,2017-07-05T05:28:57Z,triggered,pass,False,condition_persistence_met,3.0,P2138,True,True,True,P2138,True,high,True,proxy/70_decisions/proxy_decisions.csv
3s1a_pedal_e_offset,gl452_full_v2_20260903__3s1a_pedal_e_offset__boundary,accelerator_pedal_sensor,3-S1a,triggered,accel_pedal_e,pedal_lowmotion,boundary,1,2,trip_0002,trip_0002_seg_001,2017-07-05T17:17:24Z,2017-07-05T17:17:58Z,pass,pass,False,no_trigger_with_opportunity,-16.0,P2138,True,False,True,,True,high,False,proxy/70_decisions/proxy_decisions.csv
3s1a_pedal_e_offset,gl452_full_v2_20260903__3s1a_pedal_e_offset__boundary,accelerator_pedal_sensor,3-S1a,triggered,accel_pedal_e,pedal_lowmotion,boundary,1,3,trip_0003,trip_0003_seg_001,2017-07-06T06:41:09Z,2017-07-06T06:41:43Z,triggered,pass,False,condition_persistence_met,3.0,P2138,True,True,True,P2138,True,high,True,proxy/70_decisions/proxy_decisions.csv
3s1a_pedal_e_offset,gl452_full_v2_20260903__3s1a_pedal_e_offset__strong,accelerator_pedal_sensor,3-S1a,triggered,accel_pedal_e,pedal_lowmotion,strong,2,1,trip_0001,trip_0001_seg_001,2017-07-05T05:28:23Z,2017-07-05T05:28:57Z,triggered,pass,False,condition_persistence_met,2.0,P2138,True,True,True,P2138,True,high,True,proxy/70_decisions/proxy_decisions.csv
3s1a_pedal_e_offset,gl452_full_v2_20260903__3s1a_pedal_e_offset__strong,accelerator_pedal_sensor,3-S1a,triggered,accel_pedal_e,pedal_lowmotion,strong,2,2,trip_0002,trip_0002_seg_001,2017-07-05T17:17:24Z,2017-07-05T17:17:58Z,triggered,pass,False,condition_persistence_met,2.0,P2138,True,True,True,P2138,True,high,True,proxy/70_decisions/proxy_decisions.csv
3s1a_pedal_e_offset,gl452_full_v2_20260903__3s1a_pedal_e_offset__strong,accelerator_pedal_sensor,3-S1a,triggered,accel_pedal_e,pedal_lowmotion,strong,2,3,trip_0003,trip_0003_seg_001,2017-07-06T06:41:09Z,2017-07-06T06:41:43Z,triggered,pass,False,condition_persistence_met,3.0,P2138,True,True,True,P2138,True,high,True,proxy/70_decisions/proxy_decisions.csv
3s1b_pedal_extreme_delta,gl452_full_v2_20260903__3s1b_pedal_extreme_delta__below_threshold,accelerator_pedal_sensor,3-S1b,triggered,accel_pedal_e,engine_firing,below_threshold,0,1,trip_0001,trip_0001_seg_001,2017-07-05T05:16:56Z,2017-07-05T05:16:58Z,pass,pass,False,no_trigger_with_opportunity,,P2138,True,False,True,,True,provisional,False,proxy/70_decisions/proxy_decisions.csv
3s1b_pedal_extreme_delta,gl452_full_v2_20260903__3s1b_pedal_extreme_delta__below_threshold,accelerator_pedal_sensor,3-S1b,triggered,accel_pedal_e,engine_firing,below_threshold,0,2,trip_0002,trip_0002_seg_001,2017-07-05T17:17:24Z,2017-07-05T17:17:26Z,pass,pass,False,no_trigger_with_opportunity,,P2138,True,False,True,,True,provisional,False,proxy/70_decisions/proxy_decisions.csv
3s1b_pedal_extreme_delta,gl452_full_v2_20260903__3s1b_pedal_extreme_delta__below_threshold,accelerator_pedal_sensor,3-S1b,triggered,accel_pedal_e,engine_firing,below_threshold,0,3,trip_0003,trip_0003_seg_001,2017-07-06T06:38:10Z,2017-07-06T06:38:12Z,pass,pass,False,no_trigger_with_opportunity,,P2138,True,False,True,,True,provisional,False,proxy/70_decisions/proxy_decisions.csv
3s1b_pedal_extreme_delta,gl452_full_v2_20260903__3s1b_pedal_extreme_delta__at_threshold,accelerator_pedal_sensor,3-S1b,triggered,accel_pedal_e,engine_firing,at_threshold,1,1,trip_0001,trip_0001_seg_001,2017-07-05T05:16:56Z,2017-07-05T05:16:58Z,triggered,pass,False,condition_persistence_met,1.0,P2138,True,True,True,P2138,True,provisional,True,proxy/70_decisions/proxy_decisions.csv
3s1b_pedal_extreme_delta,gl452_full_v2_20260903__3s1b_pedal_extreme_delta__at_threshold,accelerator_pedal_sensor,3-S1b,triggered,accel_pedal_e,engine_firing,at_threshold,1,2,trip_0002,trip_0002_seg_001,2017-07-05T17:17:24Z,2017-07-05T17:17:26Z,triggered,pass,False,condition_persistence_met,1.0,P2138,True,True,True,P2138,True,provisional,True,proxy/70_decisions/proxy_decisions.csv
3s1b_pedal_extreme_delta,gl452_full_v2_20260903__3s1b_pedal_extreme_delta__at_threshold,accelerator_pedal_sensor,3-S1b,triggered,accel_pedal_e,engine_firing,at_threshold,1,3,trip_0003,trip_0003_seg_001,2017-07-06T06:38:10Z,2017-07-06T06:38:12Z,triggered,pass,False,condition_persistence_met,1.0,P2138,True,True,True,P2138,True,provisional,True,proxy/70_decisions/proxy_decisions.csv
3s1b_pedal_extreme_delta,gl452_full_v2_20260903__3s1b_pedal_extreme_delta__strong,accelerator_pedal_sensor,3-S1b,triggered,accel_pedal_e,engine_firing,strong,2,1,trip_0001,trip_0001_seg_001,2017-07-05T05:16:56Z,2017-07-05T05:16:58Z,triggered,pass,False,condition_persistence_met,1.0,P2138,True,True,True,P2138,True,provisional,True,proxy/70_decisions/proxy_decisions.csv
3s1b_pedal_extreme_delta,gl452_full_v2_20260903__3s1b_pedal_extreme_delta__strong,accelerator_pedal_sensor,3-S1b,triggered,accel_pedal_e,engine_firing,strong,2,2,trip_0002,trip_0002_seg_001,2017-07-05T17:17:24Z,2017-07-05T17:17:26Z,triggered,pass,False,condition_persistence_met,1.0,P2138,True,True,True,P2138,True,provisional,True,proxy/70_decisions/proxy_decisions.csv
3s1b_pedal_extreme_delta,gl452_full_v2_20260903__3s1b_pedal_extreme_delta__strong,accelerator_pedal_sensor,3-S1b,triggered,accel_pedal_e,engine_firing,strong,2,3,trip_0003,trip_0003_seg_001,2017-07-06T06:38:10Z,2017-07-06T06:38:12Z,triggered,pass,False,condition_persistence_met,1.0,P2138,True,True,True,P2138,True,provisional,True,proxy/70_decisions/proxy_decisions.csv
4s1_iat_frozen_context,gl452_full_v2_20260903__4s1_iat_frozen_context__short,intake_air_temperature_sensor_fault,4-S1,triggered,intake_temp,iat_context_change,short,0,1,trip_0001,trip_0001_seg_001,2017-07-05T05:22:27Z,2017-07-05T05:25:26Z,triggered,pass,False,condition_persistence_met,3.0,P0111,True,True,True,P0111,True,high,True,proxy/70_decisions/proxy_decisions.csv
4s1_iat_frozen_context,gl452_full_v2_20260903__4s1_iat_frozen_context__short,intake_air_temperature_sensor_fault,4-S1,triggered,intake_temp,iat_context_change,short,0,2,trip_0002,trip_0002_seg_001,2017-07-05T17:29:32Z,2017-07-05T17:32:31Z,triggered,pass,False,condition_persistence_met,2.0,P0111,True,True,True,P0111,True,high,True,proxy/70_decisions/proxy_decisions.csv
4s1_iat_frozen_context,gl452_full_v2_20260903__4s1_iat_frozen_context__short,intake_air_temperature_sensor_fault,4-S1,triggered,intake_temp,iat_context_change,short,0,3,trip_0003,trip_0003_seg_001,2017-07-06T06:43:05Z,2017-07-06T06:46:04Z,triggered,pass,False,condition_persistence_met,5.0,P0111,True,True,True,P0111,True,high,True,proxy/70_decisions/proxy_decisions.csv
4s1_iat_frozen_context,gl452_full_v2_20260903__4s1_iat_frozen_context__boundary,intake_air_temperature_sensor_fault,4-S1,triggered,intake_temp,iat_context_change,boundary,1,1,trip_0001,trip_0001_seg_001,2017-07-05T05:22:27Z,2017-07-05T05:26:26Z,triggered,pass,False,condition_persistence_met,63.0,P0111,True,True,True,P0111,True,high,True,proxy/70_decisions/proxy_decisions.csv
4s1_iat_frozen_context,gl452_full_v2_20260903__4s1_iat_frozen_context__boundary,intake_air_temperature_sensor_fault,4-S1,triggered,intake_temp,iat_context_change,boundary,1,2,trip_0002,trip_0002_seg_001,2017-07-05T17:29:32Z,2017-07-05T17:33:31Z,triggered,pass,False,condition_persistence_met,62.0,P0111,True,True,True,P0111,True,high,True,proxy/70_decisions/proxy_decisions.csv
4s1_iat_frozen_context,gl452_full_v2_20260903__4s1_iat_frozen_context__boundary,intake_air_temperature_sensor_fault,4-S1,triggered,intake_temp,iat_context_change,boundary,1,3,trip_0003,trip_0003_seg_001,2017-07-06T06:43:05Z,2017-07-06T06:47:04Z,triggered,pass,False,condition_persistence_met,66.0,P0111,True,True,True,P0111,True,high,True,proxy/70_decisions/proxy_decisions.csv
4s1_iat_frozen_context,gl452_full_v2_20260903__4s1_iat_frozen_context__strong,intake_air_temperature_sensor_fault,4-S1,triggered,intake_temp,iat_context_change,strong,2,1,trip_0001,trip_0001_seg_001,2017-07-05T05:22:27Z,2017-07-05T05:27:26Z,triggered,pass,False,condition_persistence_met,123.0,P0111,True,True,True,P0111,True,high,True,proxy/70_decisions/proxy_decisions.csv
4s1_iat_frozen_context,gl452_full_v2_20260903__4s1_iat_frozen_context__strong,intake_air_temperature_sensor_fault,4-S1,triggered,intake_temp,iat_context_change,strong,2,2,trip_0002,trip_0002_seg_001,2017-07-05T17:29:32Z,2017-07-05T17:34:31Z,triggered,pass,False,condition_persistence_met,122.0,P0111,True,True,True,P0111,True,high,True,proxy/70_decisions/proxy_decisions.csv
4s1_iat_frozen_context,gl452_full_v2_20260903__4s1_iat_frozen_context__strong,intake_air_temperature_sensor_fault,4-S1,triggered,intake_temp,iat_context_change,strong,2,3,trip_0003,trip_0003_seg_001,2017-07-06T06:43:05Z,2017-07-06T06:48:04Z,triggered,pass,False,condition_persistence_met,125.0,P0111,True,True,True,P0111,True,high,True,proxy/70_decisions/proxy_decisions.csv
4s2_cold_start_iat_offset,gl452_full_v2_20260903__4s2_cold_start_iat_offset__at_guard,intake_air_temperature_sensor_fault,4-S2,triggered,intake_temp,cold_start_iat,at_guard,0,1,trip_0003,trip_0003_seg_001,2017-07-06T06:37:58Z,2017-07-06T06:37:58Z,pass,pass,False,cold_start_delta_within_bound,0.0,P0111,True,False,True,,True,low,False,proxy/70_decisions/proxy_decisions.csv
4s2_cold_start_iat_offset,gl452_full_v2_20260903__4s2_cold_start_iat_offset__at_guard,intake_air_temperature_sensor_fault,4-S2,triggered,intake_temp,cold_start_iat,at_guard,0,2,trip_0005,trip_0005_seg_001,2017-07-07T05:23:12Z,2017-07-07T05:23:12Z,pass,pass,False,cold_start_delta_within_bound,0.0,P0111,True,False,True,,True,low,False,proxy/70_decisions/proxy_decisions.csv
4s2_cold_start_iat_offset,gl452_full_v2_20260903__4s2_cold_start_iat_offset__at_guard,intake_air_temperature_sensor_fault,4-S2,triggered,intake_temp,cold_start_iat,at_guard,0,3,trip_0013,trip_0013_seg_001,2017-07-13T05:00:41Z,2017-07-13T05:00:41Z,pass,pass,False,cold_start_delta_within_bound,0.0,P0111,True,False,True,,True,low,False,proxy/70_decisions/proxy_decisions.csv
4s2_cold_start_iat_offset,gl452_full_v2_20260903__4s2_cold_start_iat_offset__just_over,intake_air_temperature_sensor_fault,4-S2,triggered,intake_temp,cold_start_iat,just_over,1,1,trip_0003,trip_0003_seg_001,2017-07-06T06:37:58Z,2017-07-06T06:37:58Z,triggered,pass,False,cold_start_delta_exceeded,1.0,P0111,True,False,True,,True,low,True,proxy/70_decisions/proxy_decisions.csv
4s2_cold_start_iat_offset,gl452_full_v2_20260903__4s2_cold_start_iat_offset__just_over,intake_air_temperature_sensor_fault,4-S2,triggered,intake_temp,cold_start_iat,just_over,1,2,trip_0005,trip_0005_seg_001,2017-07-07T05:23:12Z,2017-07-07T05:23:12Z,triggered,pass,False,cold_start_delta_exceeded,1.0,P0111,True,False,True,,True,low,True,proxy/70_decisions/proxy_decisions.csv
4s2_cold_start_iat_offset,gl452_full_v2_20260903__4s2_cold_start_iat_offset__just_over,intake_air_temperature_sensor_fault,4-S2,triggered,intake_temp,cold_start_iat,just_over,1,3,trip_0013,trip_0013_seg_001,2017-07-13T05:00:41Z,2017-07-13T05:00:41Z,triggered,pass,False,cold_start_delta_exceeded,1.0,P0111,True,False,True,,True,low,True,proxy/70_decisions/proxy_decisions.csv
4s2_cold_start_iat_offset,gl452_full_v2_20260903__4s2_cold_start_iat_offset__strong,intake_air_temperature_sensor_fault,4-S2,triggered,intake_temp,cold_start_iat,strong,2,1,trip_0003,trip_0003_seg_001,2017-07-06T06:37:58Z,2017-07-06T06:37:58Z,triggered,pass,False,cold_start_delta_exceeded,13.0,P0111,True,False,True,,True,low,True,proxy/70_decisions/proxy_decisions.csv
4s2_cold_start_iat_offset,gl452_full_v2_20260903__4s2_cold_start_iat_offset__strong,intake_air_temperature_sensor_fault,4-S2,triggered,intake_temp,cold_start_iat,strong,2,2,trip_0005,trip_0005_seg_001,2017-07-07T05:23:12Z,2017-07-07T05:23:12Z,triggered,pass,False,cold_start_delta_exceeded,13.0,P0111,True,False,True,,True,low,True,proxy/70_decisions/proxy_decisions.csv
4s2_cold_start_iat_offset,gl452_full_v2_20260903__4s2_cold_start_iat_offset__strong,intake_air_temperature_sensor_fault,4-S2,triggered,intake_temp,cold_start_iat,strong,2,3,trip_0013,trip_0013_seg_001,2017-07-13T05:00:41Z,2017-07-13T05:00:41Z,triggered,pass,False,cold_start_delta_exceeded,13.0,P0111,True,False,True,,True,low,True,proxy/70_decisions/proxy_decisions.csv
4s3_iat_low_range,gl452_full_v2_20260903__4s3_iat_low_range__inside_range,intake_air_temperature_sensor_fault,4-S3,triggered,intake_temp,engine_firing,inside_range,0,1,trip_0001,trip_0001_seg_001,2017-07-05T05:16:56Z,2017-07-05T05:16:56Z,pass,pass,False,no_trigger_with_opportunity,,,True,False,True,,True,high,False,proxy/70_decisions/proxy_decisions.csv
4s3_iat_low_range,gl452_full_v2_20260903__4s3_iat_low_range__inside_range,intake_air_temperature_sensor_fault,4-S3,triggered,intake_temp,engine_firing,inside_range,0,2,trip_0002,trip_0002_seg_001,2017-07-05T17:17:24Z,2017-07-05T17:17:24Z,pass,pass,False,no_trigger_with_opportunity,,,True,False,True,,True,high,False,proxy/70_decisions/proxy_decisions.csv
4s3_iat_low_range,gl452_full_v2_20260903__4s3_iat_low_range__inside_range,intake_air_temperature_sensor_fault,4-S3,triggered,intake_temp,engine_firing,inside_range,0,3,trip_0003,trip_0003_seg_001,2017-07-06T06:38:10Z,2017-07-06T06:38:10Z,pass,pass,False,no_trigger_with_opportunity,,,True,False,True,,True,high,False,proxy/70_decisions/proxy_decisions.csv
4s3_iat_low_range,gl452_full_v2_20260903__4s3_iat_low_range__low_fault,intake_air_temperature_sensor_fault,4-S3,triggered,intake_temp,engine_firing,low_fault,1,1,trip_0001,trip_0001_seg_001,2017-07-05T05:16:56Z,2017-07-05T05:16:56Z,triggered,pass,False,range_violation,1.0,P0112,True,True,True,P0112,True,high,True,proxy/70_decisions/proxy_decisions.csv
4s3_iat_low_range,gl452_full_v2_20260903__4s3_iat_low_range__low_fault,intake_air_temperature_sensor_fault,4-S3,triggered,intake_temp,engine_firing,low_fault,1,2,trip_0002,trip_0002_seg_001,2017-07-05T17:17:24Z,2017-07-05T17:17:24Z,triggered,pass,False,range_violation,1.0,P0112,True,True,True,P0112,True,high,True,proxy/70_decisions/proxy_decisions.csv
4s3_iat_low_range,gl452_full_v2_20260903__4s3_iat_low_range__low_fault,intake_air_temperature_sensor_fault,4-S3,triggered,intake_temp,engine_firing,low_fault,1,3,trip_0003,trip_0003_seg_001,2017-07-06T06:38:10Z,2017-07-06T06:38:10Z,triggered,pass,False,range_violation,1.0,P0112,True,True,True,P0112,True,high,True,proxy/70_decisions/proxy_decisions.csv
4s3_iat_low_range,gl452_full_v2_20260903__4s3_iat_low_range__high_fault,intake_air_temperature_sensor_fault,4-S3,triggered,intake_temp,engine_firing,high_fault,2,1,trip_0001,trip_0001_seg_001,2017-07-05T05:16:56Z,2017-07-05T05:16:56Z,triggered,pass,False,range_violation,1.0,P0113,True,True,True,P0113,True,high,True,proxy/70_decisions/proxy_decisions.csv
4s3_iat_low_range,gl452_full_v2_20260903__4s3_iat_low_range__high_fault,intake_air_temperature_sensor_fault,4-S3,triggered,intake_temp,engine_firing,high_fault,2,2,trip_0002,trip_0002_seg_001,2017-07-05T17:17:24Z,2017-07-05T17:17:24Z,triggered,pass,False,range_violation,1.0,P0113,True,True,True,P0113,True,high,True,proxy/70_decisions/proxy_decisions.csv
4s3_iat_low_range,gl452_full_v2_20260903__4s3_iat_low_range__high_fault,intake_air_temperature_sensor_fault,4-S3,triggered,intake_temp,engine_firing,high_fault,2,3,trip_0003,trip_0003_seg_001,2017-07-06T06:38:10Z,2017-07-06T06:38:10Z,triggered,pass,False,range_violation,1.0,P0113,True,True,True,P0113,True,high,True,proxy/70_decisions/proxy_decisions.csv
5s1_map_suppressed_step_response,gl452_full_v2_20260903__5s1_map_suppressed_step_response__insufficient_events,map_load_signal_plausibility_fault,5-S1,triggered,map,pedal_step_events,insufficient_events,0,1,trip_0001,trip_0001_seg_001,2017-07-05T05:26:04Z,2017-07-05T05:27:05Z,pass,pass,False,no_trigger_with_opportunity,-1.0,P0106,True,False,True,,True,high,False,proxy/70_decisions/proxy_decisions.csv
5s1_map_suppressed_step_response,gl452_full_v2_20260903__5s1_map_suppressed_step_response__insufficient_events,map_load_signal_plausibility_fault,5-S1,triggered,map,pedal_step_events,insufficient_events,0,2,trip_0002,trip_0002_seg_001,2017-07-05T17:28:13Z,2017-07-05T17:31:53Z,pass,pass,False,no_trigger_with_opportunity,-1.0,P0106,True,False,True,,True,high,False,proxy/70_decisions/proxy_decisions.csv
5s1_map_suppressed_step_response,gl452_full_v2_20260903__5s1_map_suppressed_step_response__insufficient_events,map_load_signal_plausibility_fault,5-S1,triggered,map,pedal_step_events,insufficient_events,0,3,trip_0003,trip_0003_seg_001,2017-07-06T06:48:35Z,2017-07-06T06:49:23Z,pass,pass,False,no_trigger_with_opportunity,-1.0,P0106,True,False,True,,True,high,False,proxy/70_decisions/proxy_decisions.csv
5s1_map_suppressed_step_response,gl452_full_v2_20260903__5s1_map_suppressed_step_response__boundary,map_load_signal_plausibility_fault,5-S1,triggered,map,pedal_step_events,boundary,1,1,trip_0001,trip_0001_seg_001,2017-07-05T05:26:04Z,2017-07-05T05:27:21Z,triggered,pass,False,m_of_n_met,0.0,P0106,True,True,True,P0106,True,high,True,proxy/70_decisions/proxy_decisions.csv
5s1_map_suppressed_step_response,gl452_full_v2_20260903__5s1_map_suppressed_step_response__boundary,map_load_signal_plausibility_fault,5-S1,triggered,map,pedal_step_events,boundary,1,2,trip_0002,trip_0002_seg_001,2017-07-05T17:28:13Z,2017-07-05T17:33:11Z,triggered,pass,False,m_of_n_met,0.0,P0106,True,True,True,P0106,True,high,True,proxy/70_decisions/proxy_decisions.csv
5s1_map_suppressed_step_response,gl452_full_v2_20260903__5s1_map_suppressed_step_response__boundary,map_load_signal_plausibility_fault,5-S1,triggered,map,pedal_step_events,boundary,1,3,trip_0003,trip_0003_seg_001,2017-07-06T06:48:35Z,2017-07-06T06:51:39Z,triggered,pass,False,m_of_n_met,0.0,P0106,True,True,True,P0106,True,high,True,proxy/70_decisions/proxy_decisions.csv
5s1_map_suppressed_step_response,gl452_full_v2_20260903__5s1_map_suppressed_step_response__strong,map_load_signal_plausibility_fault,5-S1,triggered,map,pedal_step_events,strong,2,1,trip_0001,trip_0001_seg_001,2017-07-05T05:26:04Z,2017-07-05T05:30:01Z,triggered,pass,False,m_of_n_met,1.0,P0106,True,True,True,P0106,True,high,True,proxy/70_decisions/proxy_decisions.csv
5s1_map_suppressed_step_response,gl452_full_v2_20260903__5s1_map_suppressed_step_response__strong,map_load_signal_plausibility_fault,5-S1,triggered,map,pedal_step_events,strong,2,2,trip_0002,trip_0002_seg_001,2017-07-05T17:28:13Z,2017-07-05T17:33:43Z,triggered,pass,False,m_of_n_met,1.0,P0106,True,True,True,P0106,True,high,True,proxy/70_decisions/proxy_decisions.csv
5s1_map_suppressed_step_response,gl452_full_v2_20260903__5s1_map_suppressed_step_response__strong,map_load_signal_plausibility_fault,5-S1,triggered,map,pedal_step_events,strong,2,3,trip_0003,trip_0003_seg_001,2017-07-06T06:48:35Z,2017-07-06T06:51:45Z,triggered,pass,False,m_of_n_met,1.0,P0106,True,True,True,P0106,True,high,True,proxy/70_decisions/proxy_decisions.csv
5s2_map_residual_high,gl452_full_v2_20260903__5s2_map_residual_high__mild,map_load_signal_plausibility_fault,5-S2,triggered,maf,steady_driving,mild,0,1,trip_0004,trip_0004_seg_001,2017-07-06T17:41:26Z,2017-07-06T17:42:10Z,pass,pass,False,no_trigger_with_opportunity,-29.0,,True,False,True,,True,high,False,proxy/70_decisions/proxy_decisions.csv
5s2_map_residual_high,gl452_full_v2_20260903__5s2_map_residual_high__mild,map_load_signal_plausibility_fault,5-S2,triggered,maf,steady_driving,mild,0,2,trip_0005,trip_0005_seg_001,2017-07-07T05:31:16Z,2017-07-07T05:32:00Z,pass,pass,False,no_trigger_with_opportunity,,,True,False,True,,True,high,False,proxy/70_decisions/proxy_decisions.csv
5s2_map_residual_high,gl452_full_v2_20260903__5s2_map_residual_high__mild,map_load_signal_plausibility_fault,5-S2,triggered,maf,steady_driving,mild,0,3,trip_0009,trip_0009_seg_001,2017-07-11T12:30:28Z,2017-07-11T12:31:12Z,pass,pass,False,no_trigger_with_opportunity,-28.0,,True,False,True,,True,high,False,proxy/70_decisions/proxy_decisions.csv
5s2_map_residual_high,gl452_full_v2_20260903__5s2_map_residual_high__moderate,map_load_signal_plausibility_fault,5-S2,triggered,maf,steady_driving,moderate,1,1,trip_0004,trip_0004_seg_001,2017-07-06T17:41:26Z,2017-07-06T17:42:10Z,triggered,pass,False,condition_persistence_met,6.0,,True,False,True,P0101,True,high,True,proxy/70_decisions/proxy_decisions.csv
5s2_map_residual_high,gl452_full_v2_20260903__5s2_map_residual_high__moderate,map_load_signal_plausibility_fault,5-S2,triggered,maf,steady_driving,moderate,1,2,trip_0005,trip_0005_seg_001,2017-07-07T05:31:16Z,2017-07-07T05:32:00Z,pass,pass,False,no_trigger_with_opportunity,,,True,False,True,,True,high,False,proxy/70_decisions/proxy_decisions.csv
5s2_map_residual_high,gl452_full_v2_20260903__5s2_map_residual_high__moderate,map_load_signal_plausibility_fault,5-S2,triggered,maf,steady_driving,moderate,1,3,trip_0009,trip_0009_seg_001,2017-07-11T12:30:28Z,2017-07-11T12:31:12Z,pass,pass,False,no_trigger_with_opportunity,-28.0,,True,False,True,,True,high,False,proxy/70_decisions/proxy_decisions.csv
5s2_map_residual_high,gl452_full_v2_20260903__5s2_map_residual_high__strong,map_load_signal_plausibility_fault,5-S2,triggered,maf,steady_driving,strong,2,1,trip_0004,trip_0004_seg_001,2017-07-06T17:41:26Z,2017-07-06T17:42:10Z,triggered,pass,False,condition_persistence_met,6.0,,True,False,True,P0101,True,high,True,proxy/70_decisions/proxy_decisions.csv
5s2_map_residual_high,gl452_full_v2_20260903__5s2_map_residual_high__strong,map_load_signal_plausibility_fault,5-S2,triggered,maf,steady_driving,strong,2,2,trip_0005,trip_0005_seg_001,2017-07-07T05:31:16Z,2017-07-07T05:32:00Z,triggered,pass,False,condition_persistence_met,8.0,,True,False,True,P0101,True,high,True,proxy/70_decisions/proxy_decisions.csv
5s2_map_residual_high,gl452_full_v2_20260903__5s2_map_residual_high__strong,map_load_signal_plausibility_fault,5-S2,triggered,maf,steady_driving,strong,2,3,trip_0009,trip_0009_seg_001,2017-07-11T12:30:28Z,2017-07-11T12:31:12Z,triggered,pass,False,condition_persistence_met,6.0,,True,False,True,P0101,True,high,True,proxy/70_decisions/proxy_decisions.csv
5s3_map_frozen_context,gl452_full_v2_20260903__5s3_map_frozen_context__short,map_load_signal_plausibility_fault,5-S3,triggered,map,map_context_change,short,0,1,trip_0001,trip_0001_seg_001,2017-07-05T05:21:59Z,2017-07-05T05:24:58Z,triggered,pass,False,condition_persistence_met,1.0,P0106,True,True,True,P0106,True,high,True,proxy/70_decisions/proxy_decisions.csv
5s3_map_frozen_context,gl452_full_v2_20260903__5s3_map_frozen_context__short,map_load_signal_plausibility_fault,5-S3,triggered,map,map_context_change,short,0,2,trip_0002,trip_0002_seg_001,2017-07-05T17:23:58Z,2017-07-05T17:26:57Z,triggered,pass,False,condition_persistence_met,1.0,P0106,True,True,True,P0106,True,high,True,proxy/70_decisions/proxy_decisions.csv
5s3_map_frozen_context,gl452_full_v2_20260903__5s3_map_frozen_context__short,map_load_signal_plausibility_fault,5-S3,triggered,map,map_context_change,short,0,3,trip_0003,trip_0003_seg_001,2017-07-06T06:40:30Z,2017-07-06T06:43:29Z,triggered,pass,False,condition_persistence_met,1.0,P0106,True,True,True,P0106,True,high,True,proxy/70_decisions/proxy_decisions.csv
5s3_map_frozen_context,gl452_full_v2_20260903__5s3_map_frozen_context__boundary,map_load_signal_plausibility_fault,5-S3,triggered,map,map_context_change,boundary,1,1,trip_0001,trip_0001_seg_001,2017-07-05T05:21:59Z,2017-07-05T05:25:58Z,triggered,pass,False,condition_persistence_met,61.0,P0106,True,True,True,P0106,True,high,True,proxy/70_decisions/proxy_decisions.csv
5s3_map_frozen_context,gl452_full_v2_20260903__5s3_map_frozen_context__boundary,map_load_signal_plausibility_fault,5-S3,triggered,map,map_context_change,boundary,1,2,trip_0002,trip_0002_seg_001,2017-07-05T17:31:51Z,2017-07-05T17:35:50Z,triggered,pass,False,condition_persistence_met,61.0,P0106,True,True,True,P0106,True,high,True,proxy/70_decisions/proxy_decisions.csv
5s3_map_frozen_context,gl452_full_v2_20260903__5s3_map_frozen_context__boundary,map_load_signal_plausibility_fault,5-S3,triggered,map,map_context_change,boundary,1,3,trip_0003,trip_0003_seg_001,2017-07-06T06:40:30Z,2017-07-06T06:44:29Z,triggered,pass,False,condition_persistence_met,61.0,P0106,True,True,True,P0106,True,high,True,proxy/70_decisions/proxy_decisions.csv
5s3_map_frozen_context,gl452_full_v2_20260903__5s3_map_frozen_context__strong,map_load_signal_plausibility_fault,5-S3,triggered,map,map_context_change,strong,2,1,trip_0001,trip_0001_seg_001,2017-07-05T05:21:59Z,2017-07-05T05:26:58Z,triggered,pass,False,condition_persistence_met,121.0,P0106,True,True,True,P0106,True,high,True,proxy/70_decisions/proxy_decisions.csv
5s3_map_frozen_context,gl452_full_v2_20260903__5s3_map_frozen_context__strong,map_load_signal_plausibility_fault,5-S3,triggered,map,map_context_change,strong,2,2,trip_0002,trip_0002_seg_001,2017-07-05T17:31:51Z,2017-07-05T17:36:50Z,triggered,pass,False,condition_persistence_met,121.0,P0106,True,True,True,P0106,True,high,True,proxy/70_decisions/proxy_decisions.csv
5s3_map_frozen_context,gl452_full_v2_20260903__5s3_map_frozen_context__strong,map_load_signal_plausibility_fault,5-S3,triggered,map,map_context_change,strong,2,3,trip_0003,trip_0003_seg_001,2017-07-06T06:40:30Z,2017-07-06T06:45:29Z,triggered,pass,False,condition_persistence_met,121.0,P0106,True,True,True,P0106,True,high,True,proxy/70_decisions/proxy_decisions.csv
