group_type,group_value,signal,unit,row_count,non_null_count,missing_count,missing_rate,mean,std,min,p1,p5,p50,p95,p99,max
thermal_state,engine_off,coolant_temp,°C,8775,8775,0,0.0,78.73606837606837,18.07521937122391,-1.0,14.0,44.0,88.0,93.0,94.0,95.0
thermal_state,engine_off,map,kPa,8775,8775,0,0.0,95.26051282051282,10.541539547888519,36.0,43.739999999999995,69.0,98.0,100.0,100.0,179.0
thermal_state,engine_off,rpm,rpm,8775,8775,0,0.0,0.12364672364672365,2.147109721890078,0.0,0.0,0.0,0.0,0.0,0.0,48.0
thermal_state,engine_off,speed,km/h,8775,8773,2,0.0002279202279202279,0.0029636384361107944,0.056419768788545085,0.0,0.0,0.0,0.0,0.0,0.0,2.0
thermal_state,engine_off,intake_temp,°C,8775,8771,4,0.0004558404558404558,89.47235206931934,31.991347257638516,-32.0,-1.0,22.0,90.0,136.0,146.0,150.0
thermal_state,engine_off,maf,g/s,8775,8766,9,0.0010256410256410256,0.06188113164499202,0.3935550781777791,0.0,0.0,0.0,0.0,0.86,1.16,17.24
thermal_state,engine_off,tps,%,8775,8762,13,0.0014814814814814814,84.96844327779046,16.334880167142718,13.7,13.7,54.1,89.0,89.0,89.0,89.0
thermal_state,engine_off,ambient_temp,°C,8775,8759,16,0.0018233618233618233,13.665601096015527,10.264628000531397,-12.0,-8.0,-5.0,18.0,25.0,31.0,31.0
thermal_state,engine_off,accel_pedal_d,%,8775,8757,18,0.0020512820512820513,14.273678200296903,2.365346332733195,14.1,14.1,14.1,14.1,14.5,19.376000000000204,85.1
thermal_state,engine_off,accel_pedal_e,%,8775,8750,25,0.002849002849002849,14.646457142857143,2.321419126512044,14.1,14.5,14.5,14.5,14.5,19.2,84.3
thermal_state,post_warmup,coolant_temp,°C,194394,194394,0,0.0,89.72140601047357,2.6825774938692155,74.0,77.0,84.0,90.0,92.0,95.0,103.0
thermal_state,post_warmup,map,kPa,194394,194394,0,0.0,130.00146095044084,32.67362474281346,36.0,80.0,100.0,119.0,202.0,227.0,247.0
thermal_state,post_warmup,rpm,rpm,194394,194394,0,0.0,1613.7176764714961,461.31890551954865,50.0,768.0,871.0,1628.0,2225.0,2789.0,4315.0
thermal_state,post_warmup,speed,km/h,194394,194394,0,0.0,72.90353868946572,44.67378482789695,0.0,0.0,1.0,81.0,130.0,164.0,218.0
thermal_state,post_warmup,intake_temp,°C,194394,194394,0,0.0,18.534000534995936,13.058601144549227,-37.0,-8.0,-2.0,21.0,36.0,44.0,150.0
thermal_state,post_warmup,maf,g/s,194394,194394,0,0.0,24.90475030093521,16.945620713423743,0.0,6.83,7.77,20.83,59.22700000000012,89.55,129.22
thermal_state,post_warmup,tps,%,194394,194393,1,5.144191693159254e-06,81.18811428395055,10.913396217726543,13.7,26.3,83.1,83.5,83.5,83.5,89.0
thermal_state,post_warmup,ambient_temp,°C,194394,194348,46,0.00023663281788532568,11.437555313149607,11.196117622160848,-14.0,-11.0,-7.0,14.0,26.0,30.0,33.0
thermal_state,post_warmup,accel_pedal_d,%,194394,194391,3,1.5432575079477762e-05,21.809603068043273,13.05719086848554,14.1,14.1,14.1,14.1,49.4,69.8,85.1
thermal_state,post_warmup,accel_pedal_e,%,194394,194392,2,1.0288383386318508e-05,22.12714129182271,13.07619379494612,14.1,14.1,14.5,14.5,49.8,69.8,84.3
thermal_state,unknown,coolant_temp,°C,7,6,1,0.14285714285714285,35.833333333333336,18.37842938519684,14.0,14.5,16.5,31.0,60.75,63.35,64.0
thermal_state,unknown,map,kPa,7,4,3,0.42857142857142855,96.0,0.816496580927726,95.0,95.03,95.15,96.0,96.85,96.97,97.0
thermal_state,unknown,rpm,rpm,7,0,7,1.0,,,,,,,,,
thermal_state,unknown,speed,km/h,7,1,6,0.8571428571428571,0.0,,0.0,0.0,0.0,0.0,0.0,0.0,0.0
thermal_state,unknown,intake_temp,°C,7,1,6,0.8571428571428571,-8.0,,-8.0,-8.0,-8.0,-8.0,-8.0,-8.0,-8.0
thermal_state,unknown,maf,g/s,7,1,6,0.8571428571428571,0.86,,0.86,0.86,0.86,0.86,0.86,0.86,0.86
thermal_state,unknown,tps,%,7,1,6,0.8571428571428571,88.6,,88.6,88.6,88.6,88.6,88.6,88.6,88.6
thermal_state,unknown,ambient_temp,°C,7,1,6,0.8571428571428571,-9.0,,-9.0,-9.0,-9.0,-9.0,-9.0,-9.0,-9.0
thermal_state,unknown,accel_pedal_d,%,7,0,7,1.0,,,,,,,,,
thermal_state,unknown,accel_pedal_e,%,7,0,7,1.0,,,,,,,,,
thermal_state,warmup,coolant_temp,°C,46518,46518,0,0.0,49.052549550711554,16.80905064803437,-1.0,10.0,17.0,52.0,72.0,74.0,91.0
thermal_state,warmup,map,kPa,46518,46518,0,0.0,113.8609140547745,22.463247860401374,36.0,77.0,98.0,107.0,160.0,210.0,242.0
thermal_state,warmup,rpm,rpm,46518,46518,0,0.0,1316.542994109807,363.01115569297673,51.0,768.0,798.0,1321.0,1927.0,2214.0,3016.0
thermal_state,warmup,speed,km/h,46518,46514,4,8.598821961391289e-05,33.05633787676828,29.447472282584606,0.0,0.0,0.0,30.0,88.0,104.0,127.0
thermal_state,warmup,intake_temp,°C,46518,46509,9,0.000193473494131304,12.204541056569695,11.229447077106673,-40.0,-8.0,-4.0,10.0,30.0,36.0,133.0
thermal_state,warmup,maf,g/s,46518,46509,9,0.000193473494131304,18.79204928078436,11.222631041757355,0.0,6.94,7.91,16.63,39.62199999999997,65.11,104.44
thermal_state,warmup,tps,%,46518,46506,12,0.00025796465884173866,80.90681417451512,11.406287300025143,13.7,25.5,75.7,83.5,83.5,83.5,89.0
thermal_state,warmup,ambient_temp,°C,46518,46492,26,0.0005589234274904338,6.833820872408157,10.706088794273775,-13.0,-12.0,-8.0,3.0,24.0,28.0,33.0
thermal_state,warmup,accel_pedal_d,%,46518,46496,22,0.0004729352078765209,22.53491160529938,12.02606409869492,14.1,14.1,14.1,14.1,47.1,57.6,73.3
thermal_state,warmup,accel_pedal_e,%,46518,46492,26,0.0005589234274904338,22.83971435945969,12.113933608931163,14.1,14.1,14.5,14.5,47.8,58.0,73.3
child_state,acceleration,coolant_temp,°C,42796,42796,0,0.0,78.92918730722498,20.11471869012958,0.0,14.0,32.0,90.0,92.0,95.0,102.0
child_state,acceleration,map,kPa,42796,42796,0,0.0,123.90048135339751,24.13806199598813,36.0,95.0,100.0,117.0,175.0,201.0,235.0
child_state,acceleration,rpm,rpm,42796,42796,0,0.0,1486.5061921674924,319.8466634229505,52.0,858.0,913.0,1512.0,1981.25,2204.0,2842.0
child_state,acceleration,speed,km/h,42796,42796,0,0.0,44.23752219833629,27.767518950606917,0.0,0.0,5.0,41.0,94.0,105.0,115.0
child_state,acceleration,intake_temp,°C,42796,42795,1,2.3366669782222638e-05,19.05616310316626,14.286401178531863,-39.0,-8.0,-2.0,20.0,39.0,50.0,150.0
child_state,acceleration,maf,g/s,42796,42795,1,2.3366669782222638e-05,20.701123963079798,10.076225136156761,0.0,7.83,8.66,18.63,39.52,54.83,106.24
child_state,acceleration,tps,%,42796,42794,2,4.6733339564445275e-05,80.65960181333831,11.621876322042441,13.7,29.4,45.5,83.5,83.5,83.5,89.0
child_state,acceleration,ambient_temp,°C,42796,42789,7,0.00016356668847555846,10.650167099020777,11.105682204606776,-14.0,-12.0,-7.0,13.0,25.0,31.0,33.0
child_state,acceleration,accel_pedal_d,%,42796,42794,2,4.6733339564445275e-05,28.844169743421972,11.956099632604497,14.1,14.1,14.1,29.0,47.8,54.5,78.4
child_state,acceleration,accel_pedal_e,%,42796,42794,2,4.6733339564445275e-05,29.141068841426367,12.132186049635951,14.1,14.1,14.5,29.0,48.6,54.9,77.6
child_state,deceleration,coolant_temp,°C,65291,65291,0,0.0,81.41262961204454,18.12712817875222,4.0,18.0,37.0,90.0,92.0,94.0,102.0
child_state,deceleration,map,kPa,65291,65291,0,0.0,112.7516349879769,17.260387476696142,36.0,72.0,99.0,109.0,143.0,185.09999999999854,230.0
child_state,deceleration,rpm,rpm,65291,65291,0,0.0,1428.9186871084835,445.29080668324605,50.0,767.0,883.0,1426.0,2157.0,2636.0999999999985,4315.0
child_state,deceleration,speed,km/h,65291,65291,0,0.0,56.28016112481046,41.41356173174072,0.0,0.0,2.0,48.0,125.0,156.0,211.0
child_state,deceleration,intake_temp,°C,65291,65291,0,0.0,16.399940267418174,12.466207230367903,-33.0,-9.0,-4.0,18.0,34.0,42.0,102.0
child_state,deceleration,maf,g/s,65291,65291,0,0.0,19.36160366666156,11.269265760320671,0.0,6.88,7.88,16.69,40.08,57.02,112.24
child_state,deceleration,tps,%,65291,65291,0,0.0,81.35689145517759,10.839409984040168,13.7,23.5,83.1,83.5,83.5,83.5,84.3
child_state,deceleration,ambient_temp,°C,65291,65286,5,7.65802331102296e-05,10.518549152957755,11.17421006696901,-14.0,-11.0,-7.0,13.0,25.0,30.0,33.0
child_state,deceleration,accel_pedal_d,%,65291,65290,1,1.531604662204592e-05,18.178780824015927,8.43853855496217,14.1,14.1,14.1,14.1,38.8,49.0,77.6
child_state,deceleration,accel_pedal_e,%,65291,65290,1,1.531604662204592e-05,18.47301730739776,8.44055533626269,14.1,14.1,14.5,14.5,39.2,49.8,77.3
child_state,high_load,coolant_temp,°C,26278,26278,0,0.0,85.73137225055179,13.175451572367782,12.0,31.0,52.0,90.0,92.0,93.0,100.0
child_state,high_load,map,kPa,26278,26278,0,0.0,177.04121318212952,38.99449873335575,64.0,96.0,108.0,185.0,229.0,232.0,247.0
child_state,high_load,rpm,rpm,26278,26278,0,0.0,2067.653969099627,415.0227156362446,141.0,1057.54,1455.0,2065.0,2855.0,3262.0,3788.0
child_state,high_load,speed,km/h,26278,26278,0,0.0,107.55333358703098,41.812352759491496,0.0,6.0,21.0,118.0,168.0,193.0,218.0
child_state,high_load,intake_temp,°C,26278,26278,0,0.0,18.433347286703707,13.61174417168461,-28.0,-6.230000000000018,-2.0,20.0,36.0,48.0,140.0
child_state,high_load,maf,g/s,26278,26278,0,0.0,50.826946875713524,23.409638618135038,0.0,12.463099999999999,18.8,46.44,95.83,112.24,129.22
child_state,high_load,tps,%,26278,26278,0,0.0,80.64481315168582,11.461521138020775,24.3,31.0,41.2,83.5,83.5,83.5,89.0
child_state,high_load,ambient_temp,°C,26278,26276,2,7.610929294466855e-05,11.212703607855078,11.584060375674706,-13.0,-10.0,-8.0,14.0,28.0,32.0,33.0
child_state,high_load,accel_pedal_d,%,26278,26278,0,0.0,36.09984397594946,21.34368068077448,14.1,14.1,14.1,38.0,77.6,78.0,85.1
child_state,high_load,accel_pedal_e,%,26278,26278,0,0.0,36.5092891392039,21.28152307068941,14.1,14.1,14.5,38.4,76.9,77.6,84.3
child_state,idle,coolant_temp,°C,18167,18167,0,0.0,65.93862497935818,25.682559994270367,-1.0,11.0,22.0,71.0,92.0,97.0,103.0
child_state,idle,map,kPa,18167,18167,0,0.0,100.935377332526,8.512647179656033,36.0,67.0,97.0,102.0,108.0,115.0,201.0
child_state,idle,rpm,rpm,18167,18167,0,0.0,889.7149777068311,165.14235318576155,50.0,676.0,767.0,832.0,1043.0,1487.0800000000017,2404.0
child_state,idle,speed,km/h,18167,18167,0,0.0,0.49490835030549896,2.6828104940528448,0.0,0.0,0.0,0.0,1.0,16.340000000000146,37.0
child_state,idle,intake_temp,°C,18167,18163,4,0.00022017944624869268,17.55079006772009,13.25804207942859,-32.0,-6.0,0.0,15.0,38.0,47.0,147.0
child_state,idle,maf,g/s,18167,18163,4,0.00022017944624869268,10.069046137752572,4.700348979676086,0.0,1.3610000000000002,6.74,8.38,18.66,22.81180000000011,66.69
child_state,idle,tps,%,18167,18160,7,0.0003853140309352122,81.35208149779736,11.303545873306751,13.7,21.436000000000003,83.1,83.5,83.5,83.5,89.0
child_state,idle,ambient_temp,°C,18167,18157,10,0.0005504486156217317,9.46742303243928,10.842129516690498,-13.0,-10.0,-6.0,6.0,24.0,28.0,32.0
child_state,idle,accel_pedal_d,%,18167,18149,18,0.0009908075081191171,14.755628409278746,2.977946802177777,14.1,14.1,14.1,14.1,17.6,29.4,60.8
child_state,idle,accel_pedal_e,%,18167,18146,21,0.0011559420928056365,15.058332414857269,3.0075054926711524,14.1,14.1,14.5,14.5,17.3,30.2,61.6
child_state,inactive_engine_off,coolant_temp,°C,8773,8773,0,0.0,78.74900262168015,18.056332860823765,-1.0,14.0,44.0,89.0,93.0,94.0,95.0
child_state,inactive_engine_off,map,kPa,8773,8773,0,0.0,95.26011626581557,10.54266522713113,36.0,43.72,69.0,98.0,100.0,100.0,179.0
child_state,inactive_engine_off,rpm,rpm,8773,8773,0,0.0,0.12367491166077739,2.1473536646660207,0.0,0.0,0.0,0.0,0.0,0.0,48.0
child_state,inactive_engine_off,speed,km/h,8773,8773,0,0.0,0.0029636384361107944,0.056419768788545085,0.0,0.0,0.0,0.0,0.0,0.0,2.0
child_state,inactive_engine_off,intake_temp,°C,8773,8771,2,0.00022797218739313804,89.47235206931934,31.991347257638516,-32.0,-1.0,22.0,90.0,136.0,146.0,150.0
child_state,inactive_engine_off,maf,g/s,8773,8766,7,0.0007979026558759832,0.06188113164499202,0.3935550781777791,0.0,0.0,0.0,0.0,0.86,1.16,17.24
child_state,inactive_engine_off,tps,%,8773,8762,11,0.0012538470306622592,84.96844327779046,16.334880167142718,13.7,13.7,54.1,89.0,89.0,89.0,89.0
child_state,inactive_engine_off,ambient_temp,°C,8773,8759,14,0.0015958053117519663,13.665601096015527,10.264628000531397,-12.0,-8.0,-5.0,18.0,25.0,31.0,31.0
child_state,inactive_engine_off,accel_pedal_d,%,8773,8757,16,0.0018237774991451043,14.273678200296903,2.365346332733195,14.1,14.1,14.1,14.1,14.5,19.376000000000204,85.1
child_state,inactive_engine_off,accel_pedal_e,%,8773,8750,23,0.0026216801550210875,14.646457142857143,2.321419126512044,14.1,14.5,14.5,14.5,14.5,19.2,84.3
child_state,steady_driving,coolant_temp,°C,88376,88376,0,0.0,85.75744546030596,12.843410564102525,0.0,27.0,57.0,90.0,92.0,94.0,102.0
child_state,steady_driving,map,kPa,88376,88376,0,0.0,129.1933330315923,26.675046312031945,36.0,94.0,100.0,122.0,187.0,203.0,235.0
child_state,steady_driving,rpm,rpm,88376,88376,0,0.0,1669.3107065266588,354.83931371930345,124.0,877.0,922.0,1675.0,2153.0,2205.0,2842.0
child_state,steady_driving,speed,km/h,88376,88376,0,0.0,82.67559631574183,37.25451903079453,0.0,1.0,9.0,87.0,127.0,130.0,142.0
child_state,steady_driving,intake_temp,°C,88376,88376,0,0.0,16.75880329501222,12.28148600356888,-40.0,-8.0,-3.0,18.0,34.0,40.0,150.0
child_state,steady_driving,maf,g/s,88376,88376,0,0.0,23.159860029872362,11.303418161885475,0.0,7.83,8.44,20.8,45.3,57.19,82.27
child_state,steady_driving,tps,%,88376,88376,0,0.0,81.29916945777134,10.616281472089609,13.7,27.1,83.1,83.5,83.5,83.5,89.0
child_state,steady_driving,ambient_temp,°C,88376,88332,44,0.000497872725626867,10.54697052030974,11.342272057483395,-14.0,-12.0,-8.0,13.0,26.0,30.0,33.0
child_state,steady_driving,accel_pedal_d,%,88376,88376,0,0.0,18.666744364985966,8.818116588056148,14.1,14.1,14.1,14.1,39.6,47.8,77.6
child_state,steady_driving,accel_pedal_e,%,88376,88376,0,0.0,18.98023728161492,8.819893327764525,14.1,14.1,14.5,14.5,40.0,48.6,77.3
child_state,unknown,coolant_temp,°C,13,12,1,0.07692307692307693,30.583333333333332,15.017918590399898,12.0,12.22,13.1,31.0,56.849999999999994,62.57000000000001,64.0
child_state,unknown,map,kPa,13,10,3,0.23076923076923078,98.0,2.8674417556808756,95.0,95.0,95.0,97.5,102.64999999999999,103.73,104.0
child_state,unknown,rpm,rpm,13,6,7,0.5384615384615384,611.0,478.15771456706625,0.0,0.0,0.0,856.0,1008.0,1032.8,1039.0
child_state,unknown,speed,km/h,13,1,12,0.9230769230769231,0.0,,0.0,0.0,0.0,0.0,0.0,0.0,0.0
child_state,unknown,intake_temp,°C,13,1,12,0.9230769230769231,-8.0,,-8.0,-8.0,-8.0,-8.0,-8.0,-8.0,-8.0
child_state,unknown,maf,g/s,13,1,12,0.9230769230769231,0.86,,0.86,0.86,0.86,0.86,0.86,0.86,0.86
child_state,unknown,tps,%,13,1,12,0.9230769230769231,88.6,,88.6,88.6,88.6,88.6,88.6,88.6,88.6
child_state,unknown,ambient_temp,°C,13,1,12,0.9230769230769231,-9.0,,-9.0,-9.0,-9.0,-9.0,-9.0,-9.0,-9.0
child_state,unknown,accel_pedal_d,%,13,0,13,1.0,,,,,,,,,
child_state,unknown,accel_pedal_e,%,13,0,13,1.0,,,,,,,,,
operating_state,engine_off,coolant_temp,°C,8775,8775,0,0.0,78.73606837606837,18.07521937122391,-1.0,14.0,44.0,88.0,93.0,94.0,95.0
operating_state,engine_off,map,kPa,8775,8775,0,0.0,95.26051282051282,10.541539547888519,36.0,43.739999999999995,69.0,98.0,100.0,100.0,179.0
operating_state,engine_off,rpm,rpm,8775,8775,0,0.0,0.12364672364672365,2.147109721890078,0.0,0.0,0.0,0.0,0.0,0.0,48.0
operating_state,engine_off,speed,km/h,8775,8773,2,0.0002279202279202279,0.0029636384361107944,0.056419768788545085,0.0,0.0,0.0,0.0,0.0,0.0,2.0
operating_state,engine_off,intake_temp,°C,8775,8771,4,0.0004558404558404558,89.47235206931934,31.991347257638516,-32.0,-1.0,22.0,90.0,136.0,146.0,150.0
operating_state,engine_off,maf,g/s,8775,8766,9,0.0010256410256410256,0.06188113164499202,0.3935550781777791,0.0,0.0,0.0,0.0,0.86,1.16,17.24
operating_state,engine_off,tps,%,8775,8762,13,0.0014814814814814814,84.96844327779046,16.334880167142718,13.7,13.7,54.1,89.0,89.0,89.0,89.0
operating_state,engine_off,ambient_temp,°C,8775,8759,16,0.0018233618233618233,13.665601096015527,10.264628000531397,-12.0,-8.0,-5.0,18.0,25.0,31.0,31.0
operating_state,engine_off,accel_pedal_d,%,8775,8757,18,0.0020512820512820513,14.273678200296903,2.365346332733195,14.1,14.1,14.1,14.1,14.5,19.376000000000204,85.1
operating_state,engine_off,accel_pedal_e,%,8775,8750,25,0.002849002849002849,14.646457142857143,2.321419126512044,14.1,14.5,14.5,14.5,14.5,19.2,84.3
operating_state,post_warmup__acceleration,coolant_temp,°C,31851,31851,0,0.0,89.44347116260086,3.1114563709202354,74.0,76.0,83.0,90.0,92.0,97.0,102.0
operating_state,post_warmup__acceleration,map,kPa,31851,31851,0,0.0,124.77947317195692,24.282110281748626,36.0,95.0,100.0,117.0,177.0,200.0,235.0
operating_state,post_warmup__acceleration,rpm,rpm,31851,31851,0,0.0,1496.3090954758093,320.8635600600551,52.0,848.5,911.0,1523.0,1986.0,2204.0,2842.0
operating_state,post_warmup__acceleration,speed,km/h,31851,31851,0,0.0,46.306677969294526,28.768056575100662,0.0,0.0,6.0,42.0,96.0,106.0,115.0
operating_state,post_warmup__acceleration,intake_temp,°C,31851,31851,0,0.0,20.869533138676964,14.480892076128983,-31.0,-8.0,-2.0,23.0,41.0,51.0,150.0
operating_state,post_warmup__acceleration,maf,g/s,31851,31851,0,0.0,20.010370004081505,9.816293502200026,0.0,7.69,8.49,17.94,38.505,53.005,106.24
operating_state,post_warmup__acceleration,tps,%,31851,31850,1,3.139618850271577e-05,80.88038932496076,11.238277283314442,13.7,28.6,65.1,83.5,83.5,83.5,89.0
operating_state,post_warmup__acceleration,ambient_temp,°C,31851,31848,3,9.418856550814731e-05,11.706386586284854,10.960846318010512,-14.0,-11.0,-7.0,15.0,25.0,32.0,33.0
operating_state,post_warmup__acceleration,accel_pedal_d,%,31851,31850,1,3.139618850271577e-05,28.310596546310833,11.820988132196893,14.1,14.1,14.1,28.2,47.5,53.7,78.4
operating_state,post_warmup__acceleration,accel_pedal_e,%,31851,31850,1,3.139618850271577e-05,28.616722135007848,11.97989174949353,14.1,14.1,14.5,28.2,48.2,54.1,77.6
operating_state,post_warmup__deceleration,coolant_temp,°C,51981,51981,0,0.0,89.67518901136954,2.6699916031673747,75.0,77.0,84.0,90.0,92.0,95.0,102.0
operating_state,post_warmup__deceleration,map,kPa,51981,51981,0,0.0,114.27288817067775,17.911589813845783,36.0,73.0,100.0,111.0,146.0,188.0,230.0
operating_state,post_warmup__deceleration,rpm,rpm,51981,51981,0,0.0,1475.3929512706566,459.00479571877116,50.0,768.0,884.0,1480.0,2219.0,2694.0,4315.0
operating_state,post_warmup__deceleration,speed,km/h,51981,51981,0,0.0,62.43188857467151,42.55317523087645,0.0,0.0,3.0,59.0,129.0,160.0,211.0
operating_state,post_warmup__deceleration,intake_temp,°C,51981,51981,0,0.0,17.77034878128547,12.596585517138553,-33.0,-9.0,-3.0,20.0,35.0,42.0,102.0
operating_state,post_warmup__deceleration,maf,g/s,51981,51981,0,0.0,20.373251380312038,11.844374185972589,0.0,6.88,7.83,17.97,41.61,58.74,112.24
operating_state,post_warmup__deceleration,tps,%,51981,51981,0,0.0,81.31950712760431,10.919236689976973,13.7,24.3,83.1,83.5,83.5,83.5,83.5
operating_state,post_warmup__deceleration,ambient_temp,°C,51981,51980,1,1.923779842634809e-05,11.421181223547519,11.128840696131098,-14.0,-11.0,-7.0,14.0,25.0,31.0,33.0
operating_state,post_warmup__deceleration,accel_pedal_d,%,51981,51981,0,0.0,18.224539735672646,8.538585977922205,14.1,14.1,14.1,14.1,39.2,49.4,77.6
operating_state,post_warmup__deceleration,accel_pedal_e,%,51981,51981,0,0.0,18.523429714703447,8.54297746265791,14.1,14.1,14.5,14.5,39.6,49.8,77.3
operating_state,post_warmup__high_load,coolant_temp,°C,23166,23166,0,0.0,90.14089614089615,2.245460826459661,74.0,78.0,88.0,90.0,92.0,94.0,100.0
operating_state,post_warmup__high_load,map,kPa,23166,23166,0,0.0,180.82107398774065,36.82107603639895,64.0,98.0,114.0,188.0,229.0,232.0,247.0
operating_state,post_warmup__high_load,rpm,rpm,23166,23166,0,0.0,2110.527540360874,402.7299479861561,141.0,1143.3,1542.25,2086.0,2898.0,3283.3499999999985,3788.0
operating_state,post_warmup__high_load,speed,km/h,23166,23166,0,0.0,115.42711301044635,36.36633000648013,0.0,9.0,32.0,122.0,171.0,194.0,218.0
operating_state,post_warmup__high_load,intake_temp,°C,23166,23166,0,0.0,18.941444358111024,13.348046126245523,-28.0,-5.0,-2.0,21.0,36.0,45.0,140.0
operating_state,post_warmup__high_load,maf,g/s,23166,23166,0,0.0,52.38028144694812,23.489907485343036,0.0,13.44,20.27,47.94,97.85249999999999,113.26099999999991,129.22
operating_state,post_warmup__high_load,tps,%,23166,23166,0,0.0,81.32740654407321,10.055587031369287,24.3,31.0,82.0,83.5,83.5,83.5,89.0
operating_state,post_warmup__high_load,ambient_temp,°C,23166,23164,2,8.6333419666753e-05,11.769901571403903,11.542143086083511,-13.0,-10.0,-7.0,15.0,29.0,32.0,33.0
operating_state,post_warmup__high_load,accel_pedal_d,%,23166,23166,0,0.0,35.75595700595701,21.898877827775305,14.1,14.1,14.1,36.5,77.6,78.4,85.1
operating_state,post_warmup__high_load,accel_pedal_e,%,23166,23166,0,0.0,36.14691358024692,21.813531914560897,14.1,14.1,14.5,36.9,77.3,77.6,84.3
operating_state,post_warmup__idle,coolant_temp,°C,8689,8689,0,0.0,89.73357118195419,3.260876002356141,75.0,77.0,84.0,90.0,94.0,99.0,103.0
operating_state,post_warmup__idle,map,kPa,8689,8689,0,0.0,99.66302221199217,9.842938599151001,36.0,40.0,97.0,101.0,106.0,112.0,197.0
operating_state,post_warmup__idle,rpm,rpm,8689,8689,0,0.0,821.9254229485556,144.36223322730433,50.0,318.0,766.0,770.0,992.6000000000004,1354.0800000000072,2139.0
operating_state,post_warmup__idle,speed,km/h,8689,8689,0,0.0,0.403498676487513,2.312721385556277,0.0,0.0,0.0,0.0,1.0,15.0,36.0
operating_state,post_warmup__idle,intake_temp,°C,8689,8689,0,0.0,23.013120036828173,14.398348618717002,-26.0,-7.0,1.0,24.0,42.0,63.1200000000008,147.0
operating_state,post_warmup__idle,maf,g/s,8689,8689,0,0.0,7.6061767752330525,2.447096956932654,0.0,0.0,6.66,7.11,9.482000000000008,18.0000000000002,51.08
operating_state,post_warmup__idle,tps,%,8689,8689,0,0.0,80.42963517090575,13.586845511926258,13.7,13.7,83.1,83.5,83.5,83.5,89.0
operating_state,post_warmup__idle,ambient_temp,°C,8689,8689,0,0.0,12.968811140522499,10.411207857802365,-12.0,-7.0,-5.0,18.0,25.0,29.0,32.0
operating_state,post_warmup__idle,accel_pedal_d,%,8689,8687,2,0.00023017608470479918,14.724807183147231,2.59017485170015,14.1,14.1,14.1,14.1,17.6,25.5,54.5
operating_state,post_warmup__idle,accel_pedal_e,%,8689,8688,1,0.00011508804235239959,15.005225598526703,2.639497362898322,14.1,14.1,14.5,14.5,17.159999999999854,26.3,54.5
operating_state,post_warmup__steady_driving,coolant_temp,°C,78707,78707,0,0.0,89.73959114182982,2.5308672025267254,74.0,78.0,85.0,90.0,92.0,94.0,102.0
operating_state,post_warmup__steady_driving,map,kPa,78707,78707,0,0.0,130.89383409353678,27.194253380816978,36.0,96.0,101.0,124.0,188.0,204.0,235.0
operating_state,post_warmup__steady_driving,rpm,rpm,78707,78707,0,0.0,1693.7693089560014,358.1859396122952,124.0,876.0,913.0,1729.0,2161.0,2210.0,2842.0
operating_state,post_warmup__steady_driving,speed,km/h,78707,78707,0,0.0,86.07028599743352,36.9325593508778,0.0,1.0,10.0,93.0,127.0,130.0,142.0
operating_state,post_warmup__steady_driving,intake_temp,°C,78707,78707,0,0.0,17.47880112315296,12.256971918205958,-37.0,-7.0,-3.0,20.0,34.0,41.0,150.0
operating_state,post_warmup__steady_driving,maf,g/s,78707,78707,0,0.0,23.700942546406292,11.60119625621783,0.0,7.8,8.33,21.72,45.88,58.21820000000007,82.27
operating_state,post_warmup__steady_driving,tps,%,78707,78707,0,0.0,81.2685987269239,10.6794329642259,13.7,27.5,83.1,83.5,83.5,83.5,89.0
operating_state,post_warmup__steady_driving,ambient_temp,°C,78707,78667,40,0.0005082140089191559,11.072546302769904,11.294441047451329,-14.0,-12.0,-7.0,14.0,26.0,30.0,33.0
operating_state,post_warmup__steady_driving,accel_pedal_d,%,78707,78707,0,0.0,18.223682137548117,8.559226063229087,14.1,14.1,14.1,14.1,39.2,48.2,77.6
operating_state,post_warmup__steady_driving,accel_pedal_e,%,78707,78707,0,0.0,18.54073271754736,8.56056831814714,14.1,14.1,14.5,14.5,39.6,48.6,77.3
operating_state,unknown,coolant_temp,°C,11,10,1,0.09090909090909091,32.3,15.290156601189175,14.0,14.18,14.9,31.0,58.149999999999984,62.83,64.0
operating_state,unknown,map,kPa,11,8,3,0.2727272727272727,98.25,3.011881234615431,95.0,95.07,95.35,97.5,102.95,103.78999999999999,104.0
operating_state,unknown,rpm,rpm,11,4,7,0.6363636363636364,916.5,87.960218280766,835.0,836.26,841.3,896.0,1020.4,1035.28,1039.0
operating_state,unknown,speed,km/h,11,1,10,0.9090909090909091,0.0,,0.0,0.0,0.0,0.0,0.0,0.0,0.0
operating_state,unknown,intake_temp,°C,11,1,10,0.9090909090909091,-8.0,,-8.0,-8.0,-8.0,-8.0,-8.0,-8.0,-8.0
operating_state,unknown,maf,g/s,11,1,10,0.9090909090909091,0.86,,0.86,0.86,0.86,0.86,0.86,0.86,0.86
operating_state,unknown,tps,%,11,1,10,0.9090909090909091,88.6,,88.6,88.6,88.6,88.6,88.6,88.6,88.6
operating_state,unknown,ambient_temp,°C,11,1,10,0.9090909090909091,-9.0,,-9.0,-9.0,-9.0,-9.0,-9.0,-9.0,-9.0
operating_state,unknown,accel_pedal_d,%,11,0,11,1.0,,,,,,,,,
operating_state,unknown,accel_pedal_e,%,11,0,11,1.0,,,,,,,,,
operating_state,warmup__acceleration,coolant_temp,°C,10945,10945,0,0.0,48.33161260849703,17.202527752571257,0.0,10.0,16.0,51.0,71.0,74.0,90.0
operating_state,warmup__acceleration,map,kPa,10945,10945,0,0.0,121.34253083599818,23.528881507115095,60.0,95.0,98.0,114.0,170.0,201.0,235.0
operating_state,warmup__acceleration,rpm,rpm,10945,10945,0,0.0,1457.9788031064413,315.1531795769071,141.0,875.0,925.0,1477.0,1964.0,2195.119999999999,2723.0
operating_state,warmup__acceleration,speed,km/h,10945,10945,0,0.0,38.21608040201005,23.616980636034945,0.0,0.0,3.0,38.0,82.0,95.0,108.0
operating_state,warmup__acceleration,intake_temp,°C,10945,10944,1,9.136592051164915e-05,13.77860014619883,12.264145361979686,-39.0,-8.0,-3.0,11.0,32.0,41.0,131.0
operating_state,warmup__acceleration,maf,g/s,10945,10944,1,9.136592051164915e-05,22.711467927631578,10.543170998158166,0.0,8.38,9.83,20.63,42.83,60.52,84.02
operating_state,warmup__acceleration,tps,%,10945,10944,1,9.136592051164915e-05,80.01705043859648,12.650993686952365,18.4,30.6,31.4,83.5,83.5,83.5,89.0
operating_state,warmup__acceleration,ambient_temp,°C,10945,10941,4,0.0003654636820465966,7.5756329403162415,10.952167331785374,-13.0,-12.0,-8.0,4.0,24.0,30.0,33.0
operating_state,warmup__acceleration,accel_pedal_d,%,10945,10944,1,9.136592051164915e-05,30.39701206140351,12.209471099454374,14.1,14.1,14.1,31.8,49.0,56.9,67.8
operating_state,warmup__acceleration,accel_pedal_e,%,10945,10944,1,9.136592051164915e-05,30.66705957602339,12.440331405147683,14.1,14.1,14.5,31.8,49.8,57.3,68.2
operating_state,warmup__deceleration,coolant_temp,°C,13310,13310,0,0.0,49.14395191585274,16.61770695813623,4.0,11.0,18.0,52.0,72.0,74.0,90.0
operating_state,warmup__deceleration,map,kPa,13310,13310,0,0.0,106.81051840721263,12.812120593366068,36.0,67.0,98.0,105.0,122.0,156.0,230.0
operating_state,warmup__deceleration,rpm,rpm,13310,13310,0,0.0,1247.417655897821,329.3665102705876,51.0,765.0,878.0,1172.5,1827.5499999999993,2135.6399999999994,2785.0
operating_state,warmup__deceleration,speed,km/h,13310,13310,0,0.0,32.255146506386176,24.828063838342324,0.0,0.0,0.0,29.0,81.54999999999927,96.0,125.0
operating_state,warmup__deceleration,intake_temp,°C,13310,13310,0,0.0,11.047933884297521,10.328343897674575,-32.0,-9.0,-5.0,10.0,28.0,32.0,99.0
operating_state,warmup__deceleration,maf,g/s,13310,13310,0,0.0,15.410705108940645,7.4485557199559285,0.0,7.02,8.08,13.91,29.66,41.94,88.08
operating_state,warmup__deceleration,tps,%,13310,13310,0,0.0,81.50289256198347,10.520983468417423,13.7,22.4,83.1,83.5,83.5,83.5,84.3
operating_state,warmup__deceleration,ambient_temp,°C,13310,13306,4,0.00030052592036063113,6.992409439350669,10.639917017959768,-13.0,-11.0,-9.0,4.0,24.0,28.0,33.0
operating_state,warmup__deceleration,accel_pedal_d,%,13310,13309,1,7.513148009015778e-05,18.0000601097002,8.033671998493231,14.1,14.1,14.1,14.1,36.73999999999942,48.6,64.7
operating_state,warmup__deceleration,accel_pedal_e,%,13310,13309,1,7.513148009015778e-05,18.27612142159441,8.025292578088049,14.1,14.1,14.5,14.5,37.3,49.8,65.1
operating_state,warmup__high_load,coolant_temp,°C,3112,3112,0,0.0,52.9064910025707,14.3559671437753,12.0,17.0,26.0,56.0,73.0,74.0,74.0
operating_state,warmup__high_load,map,kPa,3112,3112,0,0.0,148.90359897172237,43.007699219116475,69.0,92.0,97.0,135.0,222.0,231.0,242.0
operating_state,warmup__high_load,rpm,rpm,3112,3112,0,0.0,1748.499357326478,362.72745510305657,163.0,920.22,1109.55,1752.0,2338.45,2540.89,3016.0
operating_state,warmup__high_load,speed,km/h,3112,3112,0,0.0,48.94023136246787,31.95117861961766,0.0,0.0,8.0,41.0,109.0,124.0,127.0
operating_state,warmup__high_load,intake_temp,°C,3112,3112,0,0.0,14.651028277634962,14.90109918421948,-14.0,-8.0,-5.0,12.0,35.0,77.88999999999987,133.0
operating_state,warmup__high_load,maf,g/s,3112,3112,0,0.0,39.263788560411314,19.194761925719327,0.0,10.27,14.231,34.144999999999996,75.18699999999998,84.08,104.44
operating_state,warmup__high_load,tps,%,3112,3112,0,0.0,75.56352827763496,18.093365046725907,25.1,30.6,31.0,83.5,83.5,83.5,89.0
operating_state,warmup__high_load,ambient_temp,°C,3112,3112,0,0.0,7.065231362467866,11.04230138202401,-12.0,-11.89,-9.0,4.0,24.0,28.0,33.0
operating_state,warmup__high_load,accel_pedal_d,%,3112,3112,0,0.0,38.65976863753214,16.41629521678451,14.1,14.1,14.1,42.0,61.2,66.65599999999995,73.3
operating_state,warmup__high_load,accel_pedal_e,%,3112,3112,0,0.0,39.20684447300771,16.55518366384364,14.1,14.5,14.5,43.1,61.6,66.3,73.3
operating_state,warmup__idle,coolant_temp,°C,9478,9478,0,0.0,44.1244988394176,16.111124509178328,-1.0,8.0,15.0,43.0,70.0,73.0,74.0
operating_state,warmup__idle,map,kPa,9478,9478,0,0.0,102.10181472884575,6.873314723650575,36.0,68.0,97.0,103.0,108.0,116.0,201.0
operating_state,warmup__idle,rpm,rpm,9478,9478,0,0.0,951.8613631567841,158.4142133042542,136.0,766.0,769.0,1034.0,1046.0,1576.2299999999996,2404.0
operating_state,warmup__idle,speed,km/h,9478,9478,0,0.0,0.57870858830977,2.9796677145361987,0.0,0.0,0.0,0.0,2.0,18.0,37.0
operating_state,warmup__idle,intake_temp,°C,9478,9474,4,0.00042202996412745304,12.54105974245303,9.716125561746033,-32.0,-6.0,-1.0,11.0,28.0,34.0,104.0
operating_state,warmup__idle,maf,g/s,9478,9474,4,0.00042202996412745304,12.327846210681864,5.11855471006753,0.0,6.74,7.02,9.8,18.91,25.278100000000013,66.69
operating_state,warmup__idle,tps,%,9478,9471,7,0.0007385524372230429,82.19836342519268,8.610890090783494,13.7,22.7,83.1,83.5,83.5,83.5,89.0
operating_state,warmup__idle,ambient_temp,°C,9478,9468,10,0.0010550749103186326,6.254119138149556,10.217165509175926,-13.0,-11.0,-8.0,3.0,23.0,26.0,28.0
operating_state,warmup__idle,accel_pedal_d,%,9478,9462,16,0.0016881198565098122,14.783925174381737,3.2938920232967064,14.1,14.1,14.1,14.1,17.6,34.1,60.8
operating_state,warmup__idle,accel_pedal_e,%,9478,9458,20,0.002110149820637265,15.107115669274686,3.3090803566797717,14.1,14.1,14.5,14.5,17.3,35.3,61.6
operating_state,warmup__steady_driving,coolant_temp,°C,9669,9669,0,0.0,53.34222773813217,16.605384201710017,0.0,10.0,18.0,58.0,73.0,75.0,91.0
operating_state,warmup__steady_driving,map,kPa,9669,9669,0,0.0,115.3510187196194,16.394087309887208,64.0,87.0,97.0,112.0,145.0,176.0,222.0
operating_state,warmup__steady_driving,rpm,rpm,9669,9669,0,0.0,1470.2142931016651,248.9665864930002,766.0,888.6800000000001,959.0,1492.0,1815.0,2075.3199999999997,2379.0
operating_state,warmup__steady_driving,speed,km/h,9669,9669,0,0.0,55.042351846106115,26.925795046054343,0.0,1.0,2.0,57.0,96.0,109.31999999999971,126.0
operating_state,warmup__steady_driving,intake_temp,°C,9669,9669,0,0.0,10.89792119143655,10.824684513151517,-40.0,-8.0,-5.0,8.0,29.0,32.0,115.0
operating_state,warmup__steady_driving,maf,g/s,9669,9669,0,0.0,18.755373358154927,7.104276189817788,0.0,8.44,9.58,17.05,32.8,41.279599999999995,79.91
operating_state,warmup__steady_driving,tps,%,9669,9669,0,0.0,81.54801944358259,10.084604118802535,22.4,26.3,83.1,83.5,83.5,83.5,89.0
operating_state,warmup__steady_driving,ambient_temp,°C,9669,9665,4,0.0004136932464577516,6.269115364718055,10.813118598736265,-12.0,-12.0,-9.0,3.0,24.0,32.0,33.0
operating_state,warmup__steady_driving,accel_pedal_d,%,9669,9669,0,0.0,22.273332299100215,9.98922969979027,14.1,14.1,14.1,14.1,40.4,45.9,57.6
operating_state,warmup__steady_driving,accel_pedal_e,%,9669,9669,0,0.0,22.557865342848277,10.005885185589253,14.1,14.1,14.5,14.5,40.8,46.3,58.0
condition_confidence,high,coolant_temp,°C,249669,249669,0,0.0,81.76197886001066,17.847178007964168,-1.0,17.0,38.0,90.0,92.0,94.0,103.0
condition_confidence,high,map,kPa,249669,249669,0,0.0,125.77540663838923,31.656930848946068,36.0,76.0,98.0,115.0,197.0,226.0,247.0
condition_confidence,high,rpm,rpm,249669,249669,0,0.0,1501.7209585491191,534.3778827432881,0.0,0.0,769.0,1546.0,2192.0,2707.320000000007,4315.0
condition_confidence,high,speed,km/h,249669,249669,0,0.0,62.921720357753664,45.805276440321805,0.0,0.0,0.0,62.0,128.0,159.0,218.0
condition_confidence,high,intake_temp,°C,249669,249669,0,0.0,19.846927331787285,19.358143621724654,-40.0,-8.0,-3.0,19.0,41.0,110.0,150.0
condition_confidence,high,maf,g/s,249669,249669,0,0.0,22.893815011074665,16.48127741433157,0.0,0.0,6.94,18.74,55.24,85.22640000000014,129.22
condition_confidence,high,tps,%,249669,249661,8,3.204242416960055e-05,81.26838753349541,11.26251733897622,13.7,25.5,83.1,83.5,83.5,89.0,89.0
condition_confidence,high,ambient_temp,°C,249669,249599,70,0.0002803712114840048,10.658219784534394,11.232371113889853,-14.0,-11.0,-7.0,13.0,25.0,30.0,33.0
condition_confidence,high,accel_pedal_d,%,249669,249644,25,0.00010013257553000172,21.68034641329253,12.726413828102258,14.1,14.1,14.1,14.1,48.6,65.5,85.1
condition_confidence,high,accel_pedal_e,%,249669,249634,35,0.0001401856057420024,21.99764355015743,12.755653506408555,14.1,14.1,14.5,14.5,49.4,65.5,84.3
condition_confidence,low,coolant_temp,°C,13,12,1,0.07692307692307693,30.583333333333332,15.017918590399898,12.0,12.22,13.1,31.0,56.849999999999994,62.57000000000001,64.0
condition_confidence,low,map,kPa,13,10,3,0.23076923076923078,98.0,2.8674417556808756,95.0,95.0,95.0,97.5,102.64999999999999,103.73,104.0
condition_confidence,low,rpm,rpm,13,6,7,0.5384615384615384,611.0,478.15771456706625,0.0,0.0,0.0,856.0,1008.0,1032.8,1039.0
condition_confidence,low,speed,km/h,13,1,12,0.9230769230769231,0.0,,0.0,0.0,0.0,0.0,0.0,0.0,0.0
condition_confidence,low,intake_temp,°C,13,1,12,0.9230769230769231,-8.0,,-8.0,-8.0,-8.0,-8.0,-8.0,-8.0,-8.0
condition_confidence,low,maf,g/s,13,1,12,0.9230769230769231,0.86,,0.86,0.86,0.86,0.86,0.86,0.86,0.86
condition_confidence,low,tps,%,13,1,12,0.9230769230769231,88.6,,88.6,88.6,88.6,88.6,88.6,88.6,88.6
condition_confidence,low,ambient_temp,°C,13,1,12,0.9230769230769231,-9.0,,-9.0,-9.0,-9.0,-9.0,-9.0,-9.0,-9.0
condition_confidence,low,accel_pedal_d,%,13,0,13,1.0,,,,,,,,,
condition_confidence,low,accel_pedal_e,%,13,0,13,1.0,,,,,,,,,
condition_confidence,medium,coolant_temp,°C,12,12,0,0.0,37.916666666666664,24.99257465486075,3.0,3.33,4.65,32.0,74.45,74.89,75.0
condition_confidence,medium,map,kPa,12,12,0,0.0,98.41666666666667,1.5050420310248864,96.0,96.11,96.55,98.0,101.0,101.0,101.0
condition_confidence,medium,rpm,rpm,12,12,0,0.0,352.5,438.1183941273492,0.0,0.0,0.0,0.0,917.9,936.38,941.0
condition_confidence,medium,speed,km/h,12,12,0,0.0,1.3333333333333333,4.618802153517006,0.0,0.0,0.0,0.0,7.199999999999989,14.240000000000009,16.0
condition_confidence,medium,intake_temp,°C,12,5,7,0.5833333333333334,23.8,6.1400325732035,15.0,15.28,16.4,23.0,30.4,30.88,31.0
condition_confidence,medium,maf,g/s,12,0,12,1.0,,,,,,,,,
condition_confidence,medium,tps,%,12,0,12,1.0,,,,,,,,,
condition_confidence,medium,ambient_temp,°C,12,0,12,1.0,,,,,,,,,
condition_confidence,medium,accel_pedal_d,%,12,0,12,1.0,,,,,,,,,
condition_confidence,medium,accel_pedal_e,%,12,0,12,1.0,,,,,,,,,
